[
  {
    "id": "1285302828239421514",
    "name": "flop",
    "url": "https://cdn.discordapp.com/emojis/1285302828239421514.png",
    "animated": false
  },
  {
    "id": "1285302829636124685",
    "name": "gnt",
    "url": "https://cdn.discordapp.com/emojis/1285302829636124685.png",
    "animated": false
  },
  {
    "id": "1285302831154462741",
    "name": "grrr",
    "url": "https://cdn.discordapp.com/emojis/1285302831154462741.png",
    "animated": false
  },
  {
    "id": "1285302832483926139",
    "name": "mangemort",
    "url": "https://cdn.discordapp.com/emojis/1285302832483926139.png",
    "animated": false
  },
  {
    "id": "1285302833830432809",
    "name": "michto",
    "url": "https://cdn.discordapp.com/emojis/1285302833830432809.png",
    "animated": false
  },
  {
    "id": "1285302835482726430",
    "name": "paslu",
    "url": "https://cdn.discordapp.com/emojis/1285302835482726430.png",
    "animated": false
  },
  {
    "id": "1285302837303312445",
    "name": "prionsleban",
    "url": "https://cdn.discordapp.com/emojis/1285302837303312445.png",
    "animated": false
  },
  {
    "id": "1285302838624518344",
    "name": "vu",
    "url": "https://cdn.discordapp.com/emojis/1285302838624518344.png",
    "animated": false
  },
  {
    "id": "1285302839542943869",
    "name": "taistoi",
    "url": "https://cdn.discordapp.com/emojis/1285302839542943869.png",
    "animated": false
  },
  {
    "id": "1285302841073991680",
    "name": "zzz",
    "url": "https://cdn.discordapp.com/emojis/1285302841073991680.png",
    "animated": false
  },
  {
    "id": "1285302842391003320",
    "name": "skull",
    "url": "https://cdn.discordapp.com/emojis/1285302842391003320.png",
    "animated": false
  },
  {
    "id": "1285302844018262056",
    "name": "hahahaha",
    "url": "https://cdn.discordapp.com/emojis/1285302844018262056.gif",
    "animated": true
  },
  {
    "id": "1285302845373153290",
    "name": "bobsad",
    "url": "https://cdn.discordapp.com/emojis/1285302845373153290.gif",
    "animated": true
  },
  {
    "id": "1285302846337847337",
    "name": "wouawoua",
    "url": "https://cdn.discordapp.com/emojis/1285302846337847337.gif",
    "animated": true
  },
  {
    "id": "1285302847860248688",
    "name": "wtf",
    "url": "https://cdn.discordapp.com/emojis/1285302847860248688.png",
    "animated": false
  },
  {
    "id": "1285302848699105482",
    "name": "rooooh",
    "url": "https://cdn.discordapp.com/emojis/1285302848699105482.png",
    "animated": false
  },
  {
    "id": "1285302850213118043",
    "name": "serious",
    "url": "https://cdn.discordapp.com/emojis/1285302850213118043.png",
    "animated": false
  },
  {
    "id": "1285302851207430304",
    "name": "30euro",
    "url": "https://cdn.discordapp.com/emojis/1285302851207430304.png",
    "animated": false
  },
  {
    "id": "1285317868510253089",
    "name": "gay",
    "url": "https://cdn.discordapp.com/emojis/1285317868510253089.png",
    "animated": false
  },
  {
    "id": "1285317869500104718",
    "name": "boost",
    "url": "https://cdn.discordapp.com/emojis/1285317869500104718.gif",
    "animated": true
  },
  {
    "id": "1285317870749880361",
    "name": "ouinouin",
    "url": "https://cdn.discordapp.com/emojis/1285317870749880361.png",
    "animated": false
  },
  {
    "id": "1285317873677631500",
    "name": "gunflash",
    "url": "https://cdn.discordapp.com/emojis/1285317873677631500.gif",
    "animated": true
  },
  {
    "id": "1285317875330187274",
    "name": "BG",
    "url": "https://cdn.discordapp.com/emojis/1285317875330187274.png",
    "animated": false
  },
  {
    "id": "1285317876068126773",
    "name": "tsur",
    "url": "https://cdn.discordapp.com/emojis/1285317876068126773.png",
    "animated": false
  },
  {
    "id": "1285317876906987604",
    "name": "crownblack",
    "url": "https://cdn.discordapp.com/emojis/1285317876906987604.gif",
    "animated": true
  },
  {
    "id": "1285317877645185106",
    "name": "halal_happy",
    "url": "https://cdn.discordapp.com/emojis/1285317877645185106.png",
    "animated": false
  },
  {
    "id": "1285317878295429227",
    "name": "okmec",
    "url": "https://cdn.discordapp.com/emojis/1285317878295429227.png",
    "animated": false
  },
  {
    "id": "1285317879058927701",
    "name": "Nerd",
    "url": "https://cdn.discordapp.com/emojis/1285317879058927701.png",
    "animated": false
  },
  {
    "id": "1285317880090464277",
    "name": "Nerd",
    "url": "https://cdn.discordapp.com/emojis/1285317880090464277.gif",
    "animated": true
  },
  {
    "id": "1285317880895897742",
    "name": "coolguy",
    "url": "https://cdn.discordapp.com/emojis/1285317880895897742.png",
    "animated": false
  },
  {
    "id": "1285971264854560893",
    "name": "1_SGpMOMgdKMPbLBQyJbzUdA",
    "url": "https://cdn.discordapp.com/emojis/1285971264854560893.png",
    "animated": false
  },
  {
    "id": "1285971305497231380",
    "name": "shubhamdhagegC_aoAjQl2Qunsplash",
    "url": "https://cdn.discordapp.com/emojis/1285971305497231380.png",
    "animated": false
  },
  {
    "id": "1287513811900825701",
    "name": "emoji_63",
    "url": "https://cdn.discordapp.com/emojis/1287513811900825701.png",
    "animated": false
  },
  {
    "id": "1287518025763000441",
    "name": "daikan",
    "url": "https://cdn.discordapp.com/emojis/1287518025763000441.png",
    "animated": false
  },
  {
    "id": "1287518377362985082",
    "name": "mercibg",
    "url": "https://cdn.discordapp.com/emojis/1287518377362985082.png",
    "animated": false
  },
  {
    "id": "1287518426792984626",
    "name": "quoicoubeh",
    "url": "https://cdn.discordapp.com/emojis/1287518426792984626.png",
    "animated": false
  },
  {
    "id": "1288188345071046676",
    "name": "law_ki_mange",
    "url": "https://cdn.discordapp.com/emojis/1288188345071046676.png",
    "animated": false
  },
  {
    "id": "1288188647861915660",
    "name": "law_rassasi",
    "url": "https://cdn.discordapp.com/emojis/1288188647861915660.png",
    "animated": false
  },
  {
    "id": "1289653732669264033",
    "name": "aliprime",
    "url": "https://cdn.discordapp.com/emojis/1289653732669264033.png",
    "animated": false
  },
  {
    "id": "1291855331890036777",
    "name": "0370bfcc90e05186d6789b23baf392d4",
    "url": "https://cdn.discordapp.com/emojis/1291855331890036777.png",
    "animated": false
  },
  {
    "id": "1291881501289349200",
    "name": "emoji_6",
    "url": "https://cdn.discordapp.com/emojis/1291881501289349200.png",
    "animated": false
  },
  {
    "id": "1291881887991726142",
    "name": "Naa_008",
    "url": "https://cdn.discordapp.com/emojis/1291881887991726142.gif",
    "animated": true
  },
  {
    "id": "1291882061828984994",
    "name": "h_alpha",
    "url": "https://cdn.discordapp.com/emojis/1291882061828984994.png",
    "animated": false
  },
  {
    "id": "1291882142292508743",
    "name": "shockedchica",
    "url": "https://cdn.discordapp.com/emojis/1291882142292508743.png",
    "animated": false
  },
  {
    "id": "1292102879506595870",
    "name": "sigma",
    "url": "https://cdn.discordapp.com/emojis/1292102879506595870.png",
    "animated": false
  },
  {
    "id": "1292220870898749490",
    "name": "bow2",
    "url": "https://cdn.discordapp.com/emojis/1292220870898749490.png",
    "animated": false
  },
  {
    "id": "1293276282498449489",
    "name": "emoji_77",
    "url": "https://cdn.discordapp.com/emojis/1293276282498449489.png",
    "animated": false
  },
  {
    "id": "1293332582003507222",
    "name": "brown_angry",
    "url": "https://cdn.discordapp.com/emojis/1293332582003507222.png",
    "animated": false
  },
  {
    "id": "1293332631777312859",
    "name": "brown_blush",
    "url": "https://cdn.discordapp.com/emojis/1293332631777312859.png",
    "animated": false
  },
  {
    "id": "1293332675708452864",
    "name": "brown_cry",
    "url": "https://cdn.discordapp.com/emojis/1293332675708452864.png",
    "animated": false
  },
  {
    "id": "1293332729714184266",
    "name": "brown_demontime",
    "url": "https://cdn.discordapp.com/emojis/1293332729714184266.png",
    "animated": false
  },
  {
    "id": "1293332795271155752",
    "name": "brown_smirk",
    "url": "https://cdn.discordapp.com/emojis/1293332795271155752.png",
    "animated": false
  },
  {
    "id": "1293332977505403041",
    "name": "sobbing",
    "url": "https://cdn.discordapp.com/emojis/1293332977505403041.png",
    "animated": false
  },
  {
    "id": "1293560188409741362",
    "name": "18539895emoticontenantsonnezcaus",
    "url": "https://cdn.discordapp.com/emojis/1293560188409741362.png",
    "animated": false
  },
  {
    "id": "1293685388002725938",
    "name": "IMG_4640",
    "url": "https://cdn.discordapp.com/emojis/1293685388002725938.png",
    "animated": false
  },
  {
    "id": "1294034511180333176",
    "name": "emoji_86",
    "url": "https://cdn.discordapp.com/emojis/1294034511180333176.png",
    "animated": false
  },
  {
    "id": "1300044268672516097",
    "name": "emoji_87",
    "url": "https://cdn.discordapp.com/emojis/1300044268672516097.png",
    "animated": false
  },
  {
    "id": "1300828623607038073",
    "name": "emoji_88",
    "url": "https://cdn.discordapp.com/emojis/1300828623607038073.png",
    "animated": false
  },
  {
    "id": "1301620201741221929",
    "name": "gunflash",
    "url": "https://cdn.discordapp.com/emojis/1301620201741221929.gif",
    "animated": true
  },
  {
    "id": "1301620203872059412",
    "name": "BG",
    "url": "https://cdn.discordapp.com/emojis/1301620203872059412.png",
    "animated": false
  },
  {
    "id": "1301620205172293703",
    "name": "okmec",
    "url": "https://cdn.discordapp.com/emojis/1301620205172293703.png",
    "animated": false
  },
  {
    "id": "1301620206379995188",
    "name": "mod",
    "url": "https://cdn.discordapp.com/emojis/1301620206379995188.png",
    "animated": false
  },
  {
    "id": "1301620208011579392",
    "name": "link",
    "url": "https://cdn.discordapp.com/emojis/1301620208011579392.png",
    "animated": false
  },
  {
    "id": "1301620209928507483",
    "name": "key",
    "url": "https://cdn.discordapp.com/emojis/1301620209928507483.png",
    "animated": false
  },
  {
    "id": "1301620211736121405",
    "name": "boost",
    "url": "https://cdn.discordapp.com/emojis/1301620211736121405.gif",
    "animated": true
  },
  {
    "id": "1301620213208453232",
    "name": "forum",
    "url": "https://cdn.discordapp.com/emojis/1301620213208453232.png",
    "animated": false
  },
  {
    "id": "1301620215213457571",
    "name": "ban",
    "url": "https://cdn.discordapp.com/emojis/1301620215213457571.png",
    "animated": false
  },
  {
    "id": "1301620217318998088",
    "name": "plaisir",
    "url": "https://cdn.discordapp.com/emojis/1301620217318998088.png",
    "animated": false
  },
  {
    "id": "1301620223782424586",
    "name": "zebi",
    "url": "https://cdn.discordapp.com/emojis/1301620223782424586.png",
    "animated": false
  },
  {
    "id": "1301620225225261149",
    "name": "toutou",
    "url": "https://cdn.discordapp.com/emojis/1301620225225261149.png",
    "animated": false
  },
  {
    "id": "1301620227229876317",
    "name": "NUL",
    "url": "https://cdn.discordapp.com/emojis/1301620227229876317.png",
    "animated": false
  },
  {
    "id": "1301620233953607721",
    "name": "butterfly",
    "url": "https://cdn.discordapp.com/emojis/1301620233953607721.gif",
    "animated": true
  },
  {
    "id": "1301620237317439508",
    "name": "marteau",
    "url": "https://cdn.discordapp.com/emojis/1301620237317439508.png",
    "animated": false
  },
  {
    "id": "1301620241675325553",
    "name": "voila",
    "url": "https://cdn.discordapp.com/emojis/1301620241675325553.png",
    "animated": false
  },
  {
    "id": "1301620246112763944",
    "name": "cat1",
    "url": "https://cdn.discordapp.com/emojis/1301620246112763944.gif",
    "animated": true
  },
  {
    "id": "1301620249975590953",
    "name": "admin",
    "url": "https://cdn.discordapp.com/emojis/1301620249975590953.png",
    "animated": false
  },
  {
    "id": "1301620251318026260",
    "name": "rendpasfou",
    "url": "https://cdn.discordapp.com/emojis/1301620251318026260.png",
    "animated": false
  },
  {
    "id": "1301620254245519441",
    "name": "sad",
    "url": "https://cdn.discordapp.com/emojis/1301620254245519441.png",
    "animated": false
  },
  {
    "id": "1301620256049074330",
    "name": "MMH",
    "url": "https://cdn.discordapp.com/emojis/1301620256049074330.png",
    "animated": false
  },
  {
    "id": "1301620261942202422",
    "name": "michto",
    "url": "https://cdn.discordapp.com/emojis/1301620261942202422.png",
    "animated": false
  },
  {
    "id": "1301620263582040116",
    "name": "flop",
    "url": "https://cdn.discordapp.com/emojis/1301620263582040116.png",
    "animated": false
  },
  {
    "id": "1301620266387902544",
    "name": "Nerd",
    "url": "https://cdn.discordapp.com/emojis/1301620266387902544.gif",
    "animated": true
  },
  {
    "id": "1301620268246106202",
    "name": "cheh",
    "url": "https://cdn.discordapp.com/emojis/1301620268246106202.png",
    "animated": false
  },
  {
    "id": "1301620274474647593",
    "name": "gnt",
    "url": "https://cdn.discordapp.com/emojis/1301620274474647593.png",
    "animated": false
  },
  {
    "id": "1301620276244643962",
    "name": "grrr",
    "url": "https://cdn.discordapp.com/emojis/1301620276244643962.png",
    "animated": false
  },
  {
    "id": "1301620282917785723",
    "name": "taistoi",
    "url": "https://cdn.discordapp.com/emojis/1301620282917785723.png",
    "animated": false
  },
  {
    "id": "1301620284272676874",
    "name": "dropnitro",
    "url": "https://cdn.discordapp.com/emojis/1301620284272676874.png",
    "animated": false
  },
  {
    "id": "1301620285765582890",
    "name": "cuisine",
    "url": "https://cdn.discordapp.com/emojis/1301620285765582890.png",
    "animated": false
  },
  {
    "id": "1301620292661149758",
    "name": "pikachuCC",
    "url": "https://cdn.discordapp.com/emojis/1301620292661149758.gif",
    "animated": true
  },
  {
    "id": "1301620295001702430",
    "name": "crownblack",
    "url": "https://cdn.discordapp.com/emojis/1301620295001702430.gif",
    "animated": true
  },
  {
    "id": "1301620296352137226",
    "name": "fiak",
    "url": "https://cdn.discordapp.com/emojis/1301620296352137226.png",
    "animated": false
  },
  {
    "id": "1301620302626951238",
    "name": "skull",
    "url": "https://cdn.discordapp.com/emojis/1301620302626951238.png",
    "animated": false
  },
  {
    "id": "1301620305063579764",
    "name": "Cat2",
    "url": "https://cdn.discordapp.com/emojis/1301620305063579764.gif",
    "animated": true
  },
  {
    "id": "1301620311653093426",
    "name": "glagla",
    "url": "https://cdn.discordapp.com/emojis/1301620311653093426.png",
    "animated": false
  },
  {
    "id": "1301620313142071296",
    "name": "wtf",
    "url": "https://cdn.discordapp.com/emojis/1301620313142071296.png",
    "animated": false
  },
  {
    "id": "1301620314995687435",
    "name": "vu",
    "url": "https://cdn.discordapp.com/emojis/1301620314995687435.png",
    "animated": false
  },
  {
    "id": "1301620321207713872",
    "name": "mangemort",
    "url": "https://cdn.discordapp.com/emojis/1301620321207713872.png",
    "animated": false
  },
  {
    "id": "1301620322688040993",
    "name": "paslu",
    "url": "https://cdn.discordapp.com/emojis/1301620322688040993.png",
    "animated": false
  },
  {
    "id": "1301620324575481990",
    "name": "wouawoua",
    "url": "https://cdn.discordapp.com/emojis/1301620324575481990.gif",
    "animated": true
  },
  {
    "id": "1301620330502295635",
    "name": "prionsleban",
    "url": "https://cdn.discordapp.com/emojis/1301620330502295635.png",
    "animated": false
  },
  {
    "id": "1301620332825935905",
    "name": "hahahaha",
    "url": "https://cdn.discordapp.com/emojis/1301620332825935905.gif",
    "animated": true
  },
  {
    "id": "1301620339482169394",
    "name": "mercibg",
    "url": "https://cdn.discordapp.com/emojis/1301620339482169394.png",
    "animated": false
  },
  {
    "id": "1301620341247840317",
    "name": "ouinouin",
    "url": "https://cdn.discordapp.com/emojis/1301620341247840317.png",
    "animated": false
  },
  {
    "id": "1301620342741012502",
    "name": "quoicoubeh",
    "url": "https://cdn.discordapp.com/emojis/1301620342741012502.png",
    "animated": false
  },
  {
    "id": "1301620349418340422",
    "name": "coolguy",
    "url": "https://cdn.discordapp.com/emojis/1301620349418340422.png",
    "animated": false
  },
  {
    "id": "1301620350953455696",
    "name": "boost",
    "url": "https://cdn.discordapp.com/emojis/1301620350953455696.gif",
    "animated": true
  },
  {
    "id": "1301620352576782366",
    "name": "serious",
    "url": "https://cdn.discordapp.com/emojis/1301620352576782366.png",
    "animated": false
  },
  {
    "id": "1301620358847397899",
    "name": "BG",
    "url": "https://cdn.discordapp.com/emojis/1301620358847397899.png",
    "animated": false
  },
  {
    "id": "1301639784736751666",
    "name": "emoji_109",
    "url": "https://cdn.discordapp.com/emojis/1301639784736751666.png",
    "animated": false
  },
  {
    "id": "1301640114698584136",
    "name": "emoji_111",
    "url": "https://cdn.discordapp.com/emojis/1301640114698584136.png",
    "animated": false
  }
]