[
  {
    "id": "1289018499582263349",
    "name": "Panda_Popcorn_Animated",
    "url": "https://cdn.discordapp.com/emojis/1289018499582263349.gif",
    "animated": true
  },
  {
    "id": "1289018502426136598",
    "name": "Panda_Derp_Drinking_Animated",
    "url": "https://cdn.discordapp.com/emojis/1289018502426136598.gif",
    "animated": true
  },
  {
    "id": "1289018503831228468",
    "name": "Panda_Sleepy_Clap",
    "url": "https://cdn.discordapp.com/emojis/1289018503831228468.gif",
    "animated": true
  },
  {
    "id": "1289018505252962334",
    "name": "pink_cry",
    "url": "https://cdn.discordapp.com/emojis/1289018505252962334.png",
    "animated": false
  },
  {
    "id": "1289018506116993116",
    "name": "pink_plead",
    "url": "https://cdn.discordapp.com/emojis/1289018506116993116.png",
    "animated": false
  },
  {
    "id": "1289018507912151191",
    "name": "pink_disappointed",
    "url": "https://cdn.discordapp.com/emojis/1289018507912151191.png",
    "animated": false
  },
  {
    "id": "1289018509598134393",
    "name": "pink_laugh",
    "url": "https://cdn.discordapp.com/emojis/1289018509598134393.png",
    "animated": false
  },
  {
    "id": "1289018510567014494",
    "name": "pink_happy",
    "url": "https://cdn.discordapp.com/emojis/1289018510567014494.png",
    "animated": false
  },
  {
    "id": "1289018512072900709",
    "name": "pink_scowl",
    "url": "https://cdn.discordapp.com/emojis/1289018512072900709.png",
    "animated": false
  },
  {
    "id": "1289018518234206278",
    "name": "pink_smooth",
    "url": "https://cdn.discordapp.com/emojis/1289018518234206278.png",
    "animated": false
  },
  {
    "id": "1289018519576645744",
    "name": "chamber_rage",
    "url": "https://cdn.discordapp.com/emojis/1289018519576645744.png",
    "animated": false
  },
  {
    "id": "1289018520960499712",
    "name": "pink_surprise",
    "url": "https://cdn.discordapp.com/emojis/1289018520960499712.png",
    "animated": false
  },
  {
    "id": "1289018527654608896",
    "name": "fortnitepeely_ahw",
    "url": "https://cdn.discordapp.com/emojis/1289018527654608896.png",
    "animated": false
  },
  {
    "id": "1289018529114361856",
    "name": "fortnitepeely_cheer",
    "url": "https://cdn.discordapp.com/emojis/1289018529114361856.png",
    "animated": false
  },
  {
    "id": "1289018535498223658",
    "name": "pink_worry",
    "url": "https://cdn.discordapp.com/emojis/1289018535498223658.png",
    "animated": false
  },
  {
    "id": "1289018537922527274",
    "name": "Panda_Imleaving",
    "url": "https://cdn.discordapp.com/emojis/1289018537922527274.gif",
    "animated": true
  },
  {
    "id": "1289018539214245961",
    "name": "fortnitepeely_cringe",
    "url": "https://cdn.discordapp.com/emojis/1289018539214245961.png",
    "animated": false
  },
  {
    "id": "1289018545472012329",
    "name": "thoomas",
    "url": "https://cdn.discordapp.com/emojis/1289018545472012329.png",
    "animated": false
  },
  {
    "id": "1289018547510444102",
    "name": "Panda_Happy_Animated",
    "url": "https://cdn.discordapp.com/emojis/1289018547510444102.gif",
    "animated": true
  },
  {
    "id": "1289018549574303745",
    "name": "Panda_Shoot_Animated",
    "url": "https://cdn.discordapp.com/emojis/1289018549574303745.gif",
    "animated": true
  },
  {
    "id": "1289018556045987871",
    "name": "Panda_Duck_Drinking",
    "url": "https://cdn.discordapp.com/emojis/1289018556045987871.gif",
    "animated": true
  },
  {
    "id": "1289018557757263872",
    "name": "fortnitepeely_gg",
    "url": "https://cdn.discordapp.com/emojis/1289018557757263872.png",
    "animated": false
  },
  {
    "id": "1289018565491687498",
    "name": "fortnitepeely_love",
    "url": "https://cdn.discordapp.com/emojis/1289018565491687498.png",
    "animated": false
  },
  {
    "id": "1289018567131664404",
    "name": "fortnitepeely_gift",
    "url": "https://cdn.discordapp.com/emojis/1289018567131664404.png",
    "animated": false
  },
  {
    "id": "1289018573439893564",
    "name": "fortnitepeely_gun",
    "url": "https://cdn.discordapp.com/emojis/1289018573439893564.png",
    "animated": false
  },
  {
    "id": "1289018575318810644",
    "name": "fortnitepeely_lul",
    "url": "https://cdn.discordapp.com/emojis/1289018575318810644.png",
    "animated": false
  },
  {
    "id": "1289018581303955518",
    "name": "fortnitepeely_pog",
    "url": "https://cdn.discordapp.com/emojis/1289018581303955518.png",
    "animated": false
  },
  {
    "id": "1289018582885339146",
    "name": "fortnitepeely_what",
    "url": "https://cdn.discordapp.com/emojis/1289018582885339146.png",
    "animated": false
  },
  {
    "id": "1289018584160272384",
    "name": "dino_drink",
    "url": "https://cdn.discordapp.com/emojis/1289018584160272384.png",
    "animated": false
  },
  {
    "id": "1289018590598529116",
    "name": "fortnitepeely_please",
    "url": "https://cdn.discordapp.com/emojis/1289018590598529116.png",
    "animated": false
  },
  {
    "id": "1289018591978455040",
    "name": "fortnitepeely_lurk",
    "url": "https://cdn.discordapp.com/emojis/1289018591978455040.png",
    "animated": false
  },
  {
    "id": "1289018598802587669",
    "name": "fortnitepeely_hey",
    "url": "https://cdn.discordapp.com/emojis/1289018598802587669.png",
    "animated": false
  },
  {
    "id": "1289018599867945012",
    "name": "dino_shy",
    "url": "https://cdn.discordapp.com/emojis/1289018599867945012.png",
    "animated": false
  },
  {
    "id": "1289018601843462185",
    "name": "dino_hi",
    "url": "https://cdn.discordapp.com/emojis/1289018601843462185.png",
    "animated": false
  },
  {
    "id": "1289018607979724854",
    "name": "fortnitepeely_rage",
    "url": "https://cdn.discordapp.com/emojis/1289018607979724854.png",
    "animated": false
  },
  {
    "id": "1289018609116512266",
    "name": "Panda_Sleepy_Animated",
    "url": "https://cdn.discordapp.com/emojis/1289018609116512266.gif",
    "animated": true
  },
  {
    "id": "1289018616054022174",
    "name": "dino_ko",
    "url": "https://cdn.discordapp.com/emojis/1289018616054022174.png",
    "animated": false
  },
  {
    "id": "1289018617723093067",
    "name": "frogdance",
    "url": "https://cdn.discordapp.com/emojis/1289018617723093067.gif",
    "animated": true
  },
  {
    "id": "1289018618960679033",
    "name": "dino_cute",
    "url": "https://cdn.discordapp.com/emojis/1289018618960679033.png",
    "animated": false
  },
  {
    "id": "1289018625226965085",
    "name": "ds_shinobuflower",
    "url": "https://cdn.discordapp.com/emojis/1289018625226965085.png",
    "animated": false
  },
  {
    "id": "1289018626631929948",
    "name": "fortnitepeely_cry",
    "url": "https://cdn.discordapp.com/emojis/1289018626631929948.png",
    "animated": false
  },
  {
    "id": "1289018632902279290",
    "name": "gawrgurashybackgroundless",
    "url": "https://cdn.discordapp.com/emojis/1289018632902279290.png",
    "animated": false
  },
  {
    "id": "1289018634060173343",
    "name": "blondenekogiggle",
    "url": "https://cdn.discordapp.com/emojis/1289018634060173343.png",
    "animated": false
  },
  {
    "id": "1289018640644968489",
    "name": "anime_pinkgirlsip",
    "url": "https://cdn.discordapp.com/emojis/1289018640644968489.png",
    "animated": false
  },
  {
    "id": "1289018646684893225",
    "name": "Panda_Rage",
    "url": "https://cdn.discordapp.com/emojis/1289018646684893225.gif",
    "animated": true
  },
  {
    "id": "1289018648022749196",
    "name": "anime_moricalliopedrunk",
    "url": "https://cdn.discordapp.com/emojis/1289018648022749196.png",
    "animated": false
  },
  {
    "id": "1289018649146949664",
    "name": "anime_rengeShocked",
    "url": "https://cdn.discordapp.com/emojis/1289018649146949664.png",
    "animated": false
  },
  {
    "id": "1289018650988122122",
    "name": "CatLangue",
    "url": "https://cdn.discordapp.com/emojis/1289018650988122122.gif",
    "animated": true
  },
  {
    "id": "1289018657514590258",
    "name": "kirby_cute_320x320",
    "url": "https://cdn.discordapp.com/emojis/1289018657514590258.png",
    "animated": false
  },
  {
    "id": "1289033624888279141",
    "name": "kirby_angry_sit",
    "url": "https://cdn.discordapp.com/emojis/1289033624888279141.png",
    "animated": false
  },
  {
    "id": "1289033626339643402",
    "name": "kirby_sleep_320x320",
    "url": "https://cdn.discordapp.com/emojis/1289033626339643402.png",
    "animated": false
  },
  {
    "id": "1289033627425833031",
    "name": "PinkUwU",
    "url": "https://cdn.discordapp.com/emojis/1289033627425833031.png",
    "animated": false
  },
  {
    "id": "1289033628524740628",
    "name": "bunnyhappy",
    "url": "https://cdn.discordapp.com/emojis/1289033628524740628.png",
    "animated": false
  },
  {
    "id": "1289033629820784742",
    "name": "TT_mPandaBitchOwO",
    "url": "https://cdn.discordapp.com/emojis/1289033629820784742.png",
    "animated": false
  },
  {
    "id": "1289033631200837743",
    "name": "cat_meonguwuhearts",
    "url": "https://cdn.discordapp.com/emojis/1289033631200837743.png",
    "animated": false
  },
  {
    "id": "1289033632299876372",
    "name": "SPP_yDanceowo",
    "url": "https://cdn.discordapp.com/emojis/1289033632299876372.gif",
    "animated": true
  },
  {
    "id": "1289033633793048606",
    "name": "anime_gchemoji08gun",
    "url": "https://cdn.discordapp.com/emojis/1289033633793048606.png",
    "animated": false
  },
  {
    "id": "1289033635210461194",
    "name": "knyAHAHAHAHSHS",
    "url": "https://cdn.discordapp.com/emojis/1289033635210461194.png",
    "animated": false
  },
  {
    "id": "1289033641439133737",
    "name": "anime_KannaPeer",
    "url": "https://cdn.discordapp.com/emojis/1289033641439133737.png",
    "animated": false
  },
  {
    "id": "1289033643515445313",
    "name": "nyanbang1",
    "url": "https://cdn.discordapp.com/emojis/1289033643515445313.gif",
    "animated": true
  },
  {
    "id": "1289033645369200659",
    "name": "cat_uwucat1",
    "url": "https://cdn.discordapp.com/emojis/1289033645369200659.png",
    "animated": false
  },
  {
    "id": "1289033651472044052",
    "name": "GWchinaAstolfoSleep",
    "url": "https://cdn.discordapp.com/emojis/1289033651472044052.png",
    "animated": false
  },
  {
    "id": "1289033653460013167",
    "name": "headpat_UwU",
    "url": "https://cdn.discordapp.com/emojis/1289033653460013167.gif",
    "animated": true
  },
  {
    "id": "1289033654793928754",
    "name": "cat_nekocatuwu",
    "url": "https://cdn.discordapp.com/emojis/1289033654793928754.png",
    "animated": false
  },
  {
    "id": "1289033661621997568",
    "name": "cute_cat",
    "url": "https://cdn.discordapp.com/emojis/1289033661621997568.gif",
    "animated": true
  },
  {
    "id": "1289033726038245396",
    "name": "party",
    "url": "https://cdn.discordapp.com/emojis/1289033726038245396.gif",
    "animated": true
  },
  {
    "id": "1289033732296278037",
    "name": "raccoonroll",
    "url": "https://cdn.discordapp.com/emojis/1289033732296278037.gif",
    "animated": true
  },
  {
    "id": "1289033739904618661",
    "name": "m_02patpat",
    "url": "https://cdn.discordapp.com/emojis/1289033739904618661.gif",
    "animated": true
  },
  {
    "id": "1289033753154424832",
    "name": "kirby",
    "url": "https://cdn.discordapp.com/emojis/1289033753154424832.gif",
    "animated": true
  },
  {
    "id": "1289048708125818912",
    "name": "vibration",
    "url": "https://cdn.discordapp.com/emojis/1289048708125818912.gif",
    "animated": true
  },
  {
    "id": "1289048751574618135",
    "name": "4pika_hi",
    "url": "https://cdn.discordapp.com/emojis/1289048751574618135.gif",
    "animated": true
  },
  {
    "id": "1289048753055207545",
    "name": "Palestine_Flag",
    "url": "https://cdn.discordapp.com/emojis/1289048753055207545.gif",
    "animated": true
  },
  {
    "id": "1289048760365617152",
    "name": "PepeNoHappy",
    "url": "https://cdn.discordapp.com/emojis/1289048760365617152.gif",
    "animated": true
  },
  {
    "id": "1289048767630147655",
    "name": "PepeGif",
    "url": "https://cdn.discordapp.com/emojis/1289048767630147655.gif",
    "animated": true
  },
  {
    "id": "1289048769937014808",
    "name": "LaughtPepe",
    "url": "https://cdn.discordapp.com/emojis/1289048769937014808.gif",
    "animated": true
  },
  {
    "id": "1289048784185331713",
    "name": "Pepe_DiscoDJ",
    "url": "https://cdn.discordapp.com/emojis/1289048784185331713.gif",
    "animated": true
  },
  {
    "id": "1289048812693884959",
    "name": "pepeitthisforme",
    "url": "https://cdn.discordapp.com/emojis/1289048812693884959.gif",
    "animated": true
  },
  {
    "id": "1289048815973826650",
    "name": "pepesadlove",
    "url": "https://cdn.discordapp.com/emojis/1289048815973826650.gif",
    "animated": true
  },
  {
    "id": "1289048825494900818",
    "name": "4pepefu",
    "url": "https://cdn.discordapp.com/emojis/1289048825494900818.gif",
    "animated": true
  },
  {
    "id": "1289048840338673734",
    "name": "PepeClapping",
    "url": "https://cdn.discordapp.com/emojis/1289048840338673734.gif",
    "animated": true
  },
  {
    "id": "1289048856176361512",
    "name": "pepefingerleave",
    "url": "https://cdn.discordapp.com/emojis/1289048856176361512.gif",
    "animated": true
  },
  {
    "id": "1289063812229496893",
    "name": "PePe_deal",
    "url": "https://cdn.discordapp.com/emojis/1289063812229496893.gif",
    "animated": true
  },
  {
    "id": "1289063825710121051",
    "name": "CH_PepeDancingWithBeer",
    "url": "https://cdn.discordapp.com/emojis/1289063825710121051.gif",
    "animated": true
  },
  {
    "id": "1289063839484350464",
    "name": "HaHaHa",
    "url": "https://cdn.discordapp.com/emojis/1289063839484350464.gif",
    "animated": true
  }
]