[
  {
    "id": "1299803806581915749",
    "name": "Unrealrayo",
    "url": "https://cdn.discordapp.com/emojis/1299803806581915749.png",
    "animated": false
  },
  {
    "id": "1299803977923170397",
    "name": "Champion",
    "url": "https://cdn.discordapp.com/emojis/1299803977923170397.png",
    "animated": false
  },
  {
    "id": "1299804047968047207",
    "name": "Elite",
    "url": "https://cdn.discordapp.com/emojis/1299804047968047207.png",
    "animated": false
  },
  {
    "id": "1299804144248295424",
    "name": "Diamond_III",
    "url": "https://cdn.discordapp.com/emojis/1299804144248295424.png",
    "animated": false
  },
  {
    "id": "1299804266835218433",
    "name": "Platinum_I",
    "url": "https://cdn.discordapp.com/emojis/1299804266835218433.png",
    "animated": false
  },
  {
    "id": "1299804336007675964",
    "name": "Gold_I",
    "url": "https://cdn.discordapp.com/emojis/1299804336007675964.png",
    "animated": false
  },
  {
    "id": "1299804402462228520",
    "name": "Silver_III",
    "url": "https://cdn.discordapp.com/emojis/1299804402462228520.png",
    "animated": false
  },
  {
    "id": "1299804481596428338",
    "name": "Bronze_III",
    "url": "https://cdn.discordapp.com/emojis/1299804481596428338.png",
    "animated": false
  },
  {
    "id": "1299805200327905360",
    "name": "adminsupervisor",
    "url": "https://cdn.discordapp.com/emojis/1299805200327905360.png",
    "animated": false
  },
  {
    "id": "1299805248063541299",
    "name": "admin",
    "url": "https://cdn.discordapp.com/emojis/1299805248063541299.png",
    "animated": false
  },
  {
    "id": "1299805382398443685",
    "name": "Dabingbong",
    "url": "https://cdn.discordapp.com/emojis/1299805382398443685.png",
    "animated": false
  },
  {
    "id": "1299805505224441897",
    "name": "owner7201",
    "url": "https://cdn.discordapp.com/emojis/1299805505224441897.png",
    "animated": false
  },
  {
    "id": "1299805731134115880",
    "name": "Admin",
    "url": "https://cdn.discordapp.com/emojis/1299805731134115880.png",
    "animated": false
  },
  {
    "id": "1299805906766270484",
    "name": "Admin",
    "url": "https://cdn.discordapp.com/emojis/1299805906766270484.png",
    "animated": false
  },
  {
    "id": "1299806014496968795",
    "name": "AK",
    "url": "https://cdn.discordapp.com/emojis/1299806014496968795.png",
    "animated": false
  },
  {
    "id": "1299811893426393108",
    "name": "fondator",
    "url": "https://cdn.discordapp.com/emojis/1299811893426393108.png",
    "animated": false
  },
  {
    "id": "1299889486918062120",
    "name": "Verified",
    "url": "https://cdn.discordapp.com/emojis/1299889486918062120.png",
    "animated": false
  },
  {
    "id": "1300070505025376287",
    "name": "RPG_ironHelmet4574",
    "url": "https://cdn.discordapp.com/emojis/1300070505025376287.png",
    "animated": false
  },
  {
    "id": "1300070661993136189",
    "name": "pepeowner",
    "url": "https://cdn.discordapp.com/emojis/1300070661993136189.png",
    "animated": false
  },
  {
    "id": "1300070741550825593",
    "name": "pepe_sheeeesh",
    "url": "https://cdn.discordapp.com/emojis/1300070741550825593.png",
    "animated": false
  },
  {
    "id": "1300070812312666224",
    "name": "pepe_yoinks",
    "url": "https://cdn.discordapp.com/emojis/1300070812312666224.png",
    "animated": false
  },
  {
    "id": "1300070889886318657",
    "name": "pepe_toiletpaperhands",
    "url": "https://cdn.discordapp.com/emojis/1300070889886318657.png",
    "animated": false
  },
  {
    "id": "1300070961801990296",
    "name": "PepeSad",
    "url": "https://cdn.discordapp.com/emojis/1300070961801990296.png",
    "animated": false
  },
  {
    "id": "1300071120287957002",
    "name": "PepeNo",
    "url": "https://cdn.discordapp.com/emojis/1300071120287957002.png",
    "animated": false
  },
  {
    "id": "1300071195298758676",
    "name": "PepeYes",
    "url": "https://cdn.discordapp.com/emojis/1300071195298758676.png",
    "animated": false
  },
  {
    "id": "1300071238206750762",
    "name": "PepeLove",
    "url": "https://cdn.discordapp.com/emojis/1300071238206750762.png",
    "animated": false
  },
  {
    "id": "1300071323082559529",
    "name": "ClownPepe",
    "url": "https://cdn.discordapp.com/emojis/1300071323082559529.png",
    "animated": false
  },
  {
    "id": "1300071489223262209",
    "name": "PopcornPepe",
    "url": "https://cdn.discordapp.com/emojis/1300071489223262209.gif",
    "animated": true
  },
  {
    "id": "1300071536517976105",
    "name": "SearchingPepe",
    "url": "https://cdn.discordapp.com/emojis/1300071536517976105.png",
    "animated": false
  },
  {
    "id": "1300265538286784512",
    "name": "uzi_yellow",
    "url": "https://cdn.discordapp.com/emojis/1300265538286784512.gif",
    "animated": true
  },
  {
    "id": "1300571758830682173",
    "name": "HotPinkModShield",
    "url": "https://cdn.discordapp.com/emojis/1300571758830682173.png",
    "animated": false
  },
  {
    "id": "1300571923624755230",
    "name": "BlackModShield",
    "url": "https://cdn.discordapp.com/emojis/1300571923624755230.png",
    "animated": false
  },
  {
    "id": "1300571985213919283",
    "name": "OrangeModShield",
    "url": "https://cdn.discordapp.com/emojis/1300571985213919283.png",
    "animated": false
  },
  {
    "id": "1300572029354774530",
    "name": "GrayModShield",
    "url": "https://cdn.discordapp.com/emojis/1300572029354774530.png",
    "animated": false
  },
  {
    "id": "1300572073294434369",
    "name": "RedModShield",
    "url": "https://cdn.discordapp.com/emojis/1300572073294434369.png",
    "animated": false
  },
  {
    "id": "1300572127224660038",
    "name": "LiteBlueModShield",
    "url": "https://cdn.discordapp.com/emojis/1300572127224660038.png",
    "animated": false
  },
  {
    "id": "1300572210682925146",
    "name": "PurpleModShield",
    "url": "https://cdn.discordapp.com/emojis/1300572210682925146.png",
    "animated": false
  },
  {
    "id": "1300590387727044709",
    "name": "Number1",
    "url": "https://cdn.discordapp.com/emojis/1300590387727044709.png",
    "animated": false
  },
  {
    "id": "1300590527435112584",
    "name": "Number2",
    "url": "https://cdn.discordapp.com/emojis/1300590527435112584.png",
    "animated": false
  },
  {
    "id": "1300590694372474963",
    "name": "Number9",
    "url": "https://cdn.discordapp.com/emojis/1300590694372474963.png",
    "animated": false
  },
  {
    "id": "1300590837788315771",
    "name": "Number8",
    "url": "https://cdn.discordapp.com/emojis/1300590837788315771.png",
    "animated": false
  },
  {
    "id": "1300590867588845578",
    "name": "Number7",
    "url": "https://cdn.discordapp.com/emojis/1300590867588845578.png",
    "animated": false
  },
  {
    "id": "1300590896663760936",
    "name": "Number6",
    "url": "https://cdn.discordapp.com/emojis/1300590896663760936.png",
    "animated": false
  },
  {
    "id": "1300590936753045535",
    "name": "Number5",
    "url": "https://cdn.discordapp.com/emojis/1300590936753045535.png",
    "animated": false
  },
  {
    "id": "1300590969866944672",
    "name": "Number4",
    "url": "https://cdn.discordapp.com/emojis/1300590969866944672.png",
    "animated": false
  },
  {
    "id": "1300591011487158283",
    "name": "Number3",
    "url": "https://cdn.discordapp.com/emojis/1300591011487158283.png",
    "animated": false
  }
]