[
  {
    "id": "1283047192105324576",
    "name": "1272959300100292680",
    "url": "https://cdn.discordapp.com/emojis/1283047192105324576.png",
    "animated": false
  },
  {
    "id": "1283047434859057185",
    "name": "1275909861779050496",
    "url": "https://cdn.discordapp.com/emojis/1283047434859057185.png",
    "animated": false
  },
  {
    "id": "1283059587343188041",
    "name": "1252676917384187968",
    "url": "https://cdn.discordapp.com/emojis/1283059587343188041.png",
    "animated": false
  },
  {
    "id": "1283066160144978054",
    "name": "1279146947613032530",
    "url": "https://cdn.discordapp.com/emojis/1283066160144978054.png",
    "animated": false
  },
  {
    "id": "1283066223168323644",
    "name": "1279146552744607786",
    "url": "https://cdn.discordapp.com/emojis/1283066223168323644.gif",
    "animated": true
  },
  {
    "id": "1283066224036548639",
    "name": "1281019408772370587",
    "url": "https://cdn.discordapp.com/emojis/1283066224036548639.png",
    "animated": false
  },
  {
    "id": "1283066423702323221",
    "name": "1281019409586196482",
    "url": "https://cdn.discordapp.com/emojis/1283066423702323221.png",
    "animated": false
  },
  {
    "id": "1283066425161941074",
    "name": "1281019399049973940",
    "url": "https://cdn.discordapp.com/emojis/1283066425161941074.png",
    "animated": false
  },
  {
    "id": "1283066426172641366",
    "name": "1281019406847311983",
    "url": "https://cdn.discordapp.com/emojis/1283066426172641366.png",
    "animated": false
  },
  {
    "id": "1283066427678523392",
    "name": "1281019400312586271",
    "url": "https://cdn.discordapp.com/emojis/1283066427678523392.png",
    "animated": false
  },
  {
    "id": "1283066427988901990",
    "name": "1281019780869914746",
    "url": "https://cdn.discordapp.com/emojis/1283066427988901990.png",
    "animated": false
  },
  {
    "id": "1283066429058584576",
    "name": "1281019395141009418",
    "url": "https://cdn.discordapp.com/emojis/1283066429058584576.gif",
    "animated": true
  },
  {
    "id": "1283066429456908441",
    "name": "1279146948359618681",
    "url": "https://cdn.discordapp.com/emojis/1283066429456908441.png",
    "animated": false
  },
  {
    "id": "1283066430341906442",
    "name": "1281019396994760947",
    "url": "https://cdn.discordapp.com/emojis/1283066430341906442.png",
    "animated": false
  },
  {
    "id": "1283066431147216988",
    "name": "1281019414300327957",
    "url": "https://cdn.discordapp.com/emojis/1283066431147216988.gif",
    "animated": true
  },
  {
    "id": "1283066432225148930",
    "name": "1281026277981163691",
    "url": "https://cdn.discordapp.com/emojis/1283066432225148930.gif",
    "animated": true
  },
  {
    "id": "1283066433122865163",
    "name": "1281019407459684373",
    "url": "https://cdn.discordapp.com/emojis/1283066433122865163.png",
    "animated": false
  },
  {
    "id": "1283066434150338592",
    "name": "1281019394327314552",
    "url": "https://cdn.discordapp.com/emojis/1283066434150338592.gif",
    "animated": true
  },
  {
    "id": "1283066435119349792",
    "name": "1281019414858301493",
    "url": "https://cdn.discordapp.com/emojis/1283066435119349792.gif",
    "animated": true
  },
  {
    "id": "1283066435710750824",
    "name": "1281019404884246653",
    "url": "https://cdn.discordapp.com/emojis/1283066435710750824.png",
    "animated": false
  },
  {
    "id": "1283066915379740733",
    "name": "1279146950842908854",
    "url": "https://cdn.discordapp.com/emojis/1283066915379740733.png",
    "animated": false
  },
  {
    "id": "1283066916247965759",
    "name": "1281019410508939359",
    "url": "https://cdn.discordapp.com/emojis/1283066916247965759.png",
    "animated": false
  },
  {
    "id": "1283066916746952708",
    "name": "1281019392993398867",
    "url": "https://cdn.discordapp.com/emojis/1283066916746952708.png",
    "animated": false
  },
  {
    "id": "1283066918361894993",
    "name": "1281019780081651713",
    "url": "https://cdn.discordapp.com/emojis/1283066918361894993.png",
    "animated": false
  },
  {
    "id": "1283066919443890178",
    "name": "1279146665906798606",
    "url": "https://cdn.discordapp.com/emojis/1283066919443890178.gif",
    "animated": true
  },
  {
    "id": "1283066920299659316",
    "name": "1281019404045389966",
    "url": "https://cdn.discordapp.com/emojis/1283066920299659316.gif",
    "animated": true
  },
  {
    "id": "1283066921083736220",
    "name": "1281019394750677137",
    "url": "https://cdn.discordapp.com/emojis/1283066921083736220.png",
    "animated": false
  },
  {
    "id": "1283066921780121643",
    "name": "1279146948871454823",
    "url": "https://cdn.discordapp.com/emojis/1283066921780121643.png",
    "animated": false
  },
  {
    "id": "1283066922560393322",
    "name": "1279146666943057953",
    "url": "https://cdn.discordapp.com/emojis/1283066922560393322.png",
    "animated": false
  },
  {
    "id": "1283066923319296132",
    "name": "1281019399259689031",
    "url": "https://cdn.discordapp.com/emojis/1283066923319296132.gif",
    "animated": true
  },
  {
    "id": "1283066924686774272",
    "name": "1281019413415329815",
    "url": "https://cdn.discordapp.com/emojis/1283066924686774272.gif",
    "animated": true
  },
  {
    "id": "1283066925542543423",
    "name": "1279146949932482652",
    "url": "https://cdn.discordapp.com/emojis/1283066925542543423.png",
    "animated": false
  },
  {
    "id": "1283066926167228438",
    "name": "1281019398240337972",
    "url": "https://cdn.discordapp.com/emojis/1283066926167228438.png",
    "animated": false
  },
  {
    "id": "1283066927429849088",
    "name": "1281019416531959898",
    "url": "https://cdn.discordapp.com/emojis/1283066927429849088.png",
    "animated": false
  },
  {
    "id": "1283066928285352001",
    "name": "1281019406012514304",
    "url": "https://cdn.discordapp.com/emojis/1283066928285352001.png",
    "animated": false
  },
  {
    "id": "1283066929430401136",
    "name": "1281019395761639567",
    "url": "https://cdn.discordapp.com/emojis/1283066929430401136.png",
    "animated": false
  },
  {
    "id": "1283066930135044179",
    "name": "1281019396034269381",
    "url": "https://cdn.discordapp.com/emojis/1283066930135044179.gif",
    "animated": true
  },
  {
    "id": "1283066930864984167",
    "name": "1281019412094390345",
    "url": "https://cdn.discordapp.com/emojis/1283066930864984167.png",
    "animated": false
  },
  {
    "id": "1283066932118949909",
    "name": "1281019408344416326",
    "url": "https://cdn.discordapp.com/emojis/1283066932118949909.gif",
    "animated": true
  },
  {
    "id": "1283066933092024383",
    "name": "1281019403345068111",
    "url": "https://cdn.discordapp.com/emojis/1283066933092024383.gif",
    "animated": true
  },
  {
    "id": "1283066933658390592",
    "name": "1279146946820444222",
    "url": "https://cdn.discordapp.com/emojis/1283066933658390592.gif",
    "animated": true
  },
  {
    "id": "1283066934740521131",
    "name": "1281019400954052671",
    "url": "https://cdn.discordapp.com/emojis/1283066934740521131.png",
    "animated": false
  },
  {
    "id": "1283066935507943456",
    "name": "1279146951811530904",
    "url": "https://cdn.discordapp.com/emojis/1283066935507943456.png",
    "animated": false
  },
  {
    "id": "1283066936137089228",
    "name": "1279146664749170823",
    "url": "https://cdn.discordapp.com/emojis/1283066936137089228.png",
    "animated": false
  },
  {
    "id": "1283066937571545191",
    "name": "1281019415575662624",
    "url": "https://cdn.discordapp.com/emojis/1283066937571545191.gif",
    "animated": true
  },
  {
    "id": "1283066938595217409",
    "name": "1281019402350891072",
    "url": "https://cdn.discordapp.com/emojis/1283066938595217409.gif",
    "animated": true
  },
  {
    "id": "1283066939362770966",
    "name": "1281019417467027528",
    "url": "https://cdn.discordapp.com/emojis/1283066939362770966.png",
    "animated": false
  },
  {
    "id": "1283066940256026665",
    "name": "1279146958195392653",
    "url": "https://cdn.discordapp.com/emojis/1283066940256026665.gif",
    "animated": true
  },
  {
    "id": "1283066940989902908",
    "name": "1281019411834208367",
    "url": "https://cdn.discordapp.com/emojis/1283066940989902908.gif",
    "animated": true
  },
  {
    "id": "1285384081206542346",
    "name": "badge_hype",
    "url": "https://cdn.discordapp.com/emojis/1285384081206542346.gif",
    "animated": true
  },
  {
    "id": "1285384354008137759",
    "name": "hype_squad_badge",
    "url": "https://cdn.discordapp.com/emojis/1285384354008137759.png",
    "animated": false
  },
  {
    "id": "1285384503388274719",
    "name": "dark_green_staff_badge",
    "url": "https://cdn.discordapp.com/emojis/1285384503388274719.png",
    "animated": false
  },
  {
    "id": "1285384505263394870",
    "name": "Badge_Discord_Staff",
    "url": "https://cdn.discordapp.com/emojis/1285384505263394870.png",
    "animated": false
  },
  {
    "id": "1285384669885632637",
    "name": "Hearts",
    "url": "https://cdn.discordapp.com/emojis/1285384669885632637.gif",
    "animated": true
  },
  {
    "id": "1285385130780655667",
    "name": "emoji_1",
    "url": "https://cdn.discordapp.com/emojis/1285385130780655667.png",
    "animated": false
  },
  {
    "id": "1285385133775650827",
    "name": "a_silly_clown",
    "url": "https://cdn.discordapp.com/emojis/1285385133775650827.gif",
    "animated": true
  },
  {
    "id": "1285385135679869050",
    "name": "Star",
    "url": "https://cdn.discordapp.com/emojis/1285385135679869050.png",
    "animated": false
  },
  {
    "id": "1285385137864839213",
    "name": "head_admin",
    "url": "https://cdn.discordapp.com/emojis/1285385137864839213.png",
    "animated": false
  },
  {
    "id": "1285385140104728577",
    "name": "paypal",
    "url": "https://cdn.discordapp.com/emojis/1285385140104728577.png",
    "animated": false
  },
  {
    "id": "1285385142290092106",
    "name": "reaper",
    "url": "https://cdn.discordapp.com/emojis/1285385142290092106.png",
    "animated": false
  },
  {
    "id": "1285385144915726488",
    "name": "pray",
    "url": "https://cdn.discordapp.com/emojis/1285385144915726488.png",
    "animated": false
  },
  {
    "id": "1285385146773536851",
    "name": "verified",
    "url": "https://cdn.discordapp.com/emojis/1285385146773536851.png",
    "animated": false
  },
  {
    "id": "1285385776674373695",
    "name": "0WhiteAko",
    "url": "https://cdn.discordapp.com/emojis/1285385776674373695.png",
    "animated": false
  },
  {
    "id": "1285385778440175768",
    "name": "A_Butterfly2",
    "url": "https://cdn.discordapp.com/emojis/1285385778440175768.gif",
    "animated": true
  },
  {
    "id": "1285385781455884290",
    "name": "8Kiss",
    "url": "https://cdn.discordapp.com/emojis/1285385781455884290.gif",
    "animated": true
  },
  {
    "id": "1285385785247535144",
    "name": "8Kiss",
    "url": "https://cdn.discordapp.com/emojis/1285385785247535144.gif",
    "animated": true
  },
  {
    "id": "1285385787352944660",
    "name": "6088qlf",
    "url": "https://cdn.discordapp.com/emojis/1285385787352944660.png",
    "animated": false
  },
  {
    "id": "1285385788766556182",
    "name": "A_hihi",
    "url": "https://cdn.discordapp.com/emojis/1285385788766556182.png",
    "animated": false
  },
  {
    "id": "1285385792566329397",
    "name": "A_verif1",
    "url": "https://cdn.discordapp.com/emojis/1285385792566329397.gif",
    "animated": true
  },
  {
    "id": "1285385794801893511",
    "name": "M_4bontoutou",
    "url": "https://cdn.discordapp.com/emojis/1285385794801893511.png",
    "animated": false
  },
  {
    "id": "1285385796991455305",
    "name": "WoodenCross",
    "url": "https://cdn.discordapp.com/emojis/1285385796991455305.png",
    "animated": false
  },
  {
    "id": "1285385799663358014",
    "name": "M_txtvublc",
    "url": "https://cdn.discordapp.com/emojis/1285385799663358014.png",
    "animated": false
  },
  {
    "id": "1285385802091859988",
    "name": "emoji_122",
    "url": "https://cdn.discordapp.com/emojis/1285385802091859988.png",
    "animated": false
  },
  {
    "id": "1285385804113248389",
    "name": "globe_icon_1",
    "url": "https://cdn.discordapp.com/emojis/1285385804113248389.png",
    "animated": false
  },
  {
    "id": "1285385807447851028",
    "name": "kissy",
    "url": "https://cdn.discordapp.com/emojis/1285385807447851028.gif",
    "animated": true
  },
  {
    "id": "1285385809675026463",
    "name": "qlf",
    "url": "https://cdn.discordapp.com/emojis/1285385809675026463.png",
    "animated": false
  },
  {
    "id": "1285385812627816481",
    "name": "qlfw",
    "url": "https://cdn.discordapp.com/emojis/1285385812627816481.gif",
    "animated": true
  },
  {
    "id": "1285385815110848616",
    "name": "unban",
    "url": "https://cdn.discordapp.com/emojis/1285385815110848616.png",
    "animated": false
  },
  {
    "id": "1285385817019252807",
    "name": "BadgeEarlySupporter",
    "url": "https://cdn.discordapp.com/emojis/1285385817019252807.png",
    "animated": false
  },
  {
    "id": "1285386429332983808",
    "name": "GlisseDM",
    "url": "https://cdn.discordapp.com/emojis/1285386429332983808.png",
    "animated": false
  },
  {
    "id": "1285386431925190687",
    "name": "linux",
    "url": "https://cdn.discordapp.com/emojis/1285386431925190687.png",
    "animated": false
  },
  {
    "id": "1285386434198634547",
    "name": "members",
    "url": "https://cdn.discordapp.com/emojis/1285386434198634547.png",
    "animated": false
  },
  {
    "id": "1285386436987850785",
    "name": "partneredserverownera",
    "url": "https://cdn.discordapp.com/emojis/1285386436987850785.gif",
    "animated": true
  },
  {
    "id": "1285386439965675646",
    "name": "jewstice",
    "url": "https://cdn.discordapp.com/emojis/1285386439965675646.gif",
    "animated": true
  },
  {
    "id": "1285386442578595883",
    "name": "text_gif_egirl",
    "url": "https://cdn.discordapp.com/emojis/1285386442578595883.gif",
    "animated": true
  },
  {
    "id": "1285386444319494247",
    "name": "YouTube",
    "url": "https://cdn.discordapp.com/emojis/1285386444319494247.png",
    "animated": false
  },
  {
    "id": "1285386447720812626",
    "name": "developer",
    "url": "https://cdn.discordapp.com/emojis/1285386447720812626.gif",
    "animated": true
  },
  {
    "id": "1285386449578885152",
    "name": "btc",
    "url": "https://cdn.discordapp.com/emojis/1285386449578885152.png",
    "animated": false
  },
  {
    "id": "1285386451722305626",
    "name": "Telegram",
    "url": "https://cdn.discordapp.com/emojis/1285386451722305626.png",
    "animated": false
  },
  {
    "id": "1285386453702021201",
    "name": "activedev",
    "url": "https://cdn.discordapp.com/emojis/1285386453702021201.png",
    "animated": false
  },
  {
    "id": "1285386455530602598",
    "name": "99_discord_nitro",
    "url": "https://cdn.discordapp.com/emojis/1285386455530602598.png",
    "animated": false
  },
  {
    "id": "1285386457313181809",
    "name": "DBE_badge_muted",
    "url": "https://cdn.discordapp.com/emojis/1285386457313181809.png",
    "animated": false
  },
  {
    "id": "1285386459481641012",
    "name": "CG_Enchanted_Diamond_Sword",
    "url": "https://cdn.discordapp.com/emojis/1285386459481641012.gif",
    "animated": true
  },
  {
    "id": "1285386461511815249",
    "name": "Minecraft_Obsidian",
    "url": "https://cdn.discordapp.com/emojis/1285386461511815249.png",
    "animated": false
  },
  {
    "id": "1285386463193862185",
    "name": "Minecraft_Beef",
    "url": "https://cdn.discordapp.com/emojis/1285386463193862185.png",
    "animated": false
  },
  {
    "id": "1285386466155040850",
    "name": "Minecraft_3",
    "url": "https://cdn.discordapp.com/emojis/1285386466155040850.gif",
    "animated": true
  },
  {
    "id": "1285386468189012062",
    "name": "ange",
    "url": "https://cdn.discordapp.com/emojis/1285386468189012062.png",
    "animated": false
  },
  {
    "id": "1285386470063996959",
    "name": "asg_staff_badge",
    "url": "https://cdn.discordapp.com/emojis/1285386470063996959.png",
    "animated": false
  },
  {
    "id": "1285386472228257852",
    "name": "minecraft_dab",
    "url": "https://cdn.discordapp.com/emojis/1285386472228257852.png",
    "animated": false
  },
  {
    "id": "1285399183758462998",
    "name": "logo_minecraft",
    "url": "https://cdn.discordapp.com/emojis/1285399183758462998.png",
    "animated": false
  },
  {
    "id": "1285399184979136622",
    "name": "1_quedulove",
    "url": "https://cdn.discordapp.com/emojis/1285399184979136622.png",
    "animated": false
  },
  {
    "id": "1285399191723704320",
    "name": "Gmoon1",
    "url": "https://cdn.discordapp.com/emojis/1285399191723704320.gif",
    "animated": true
  },
  {
    "id": "1285399192461639782",
    "name": "shinoaachokeyy",
    "url": "https://cdn.discordapp.com/emojis/1285399192461639782.png",
    "animated": false
  },
  {
    "id": "1285399194185633873",
    "name": "reversee",
    "url": "https://cdn.discordapp.com/emojis/1285399194185633873.png",
    "animated": false
  },
  {
    "id": "1285399195234078801",
    "name": "chanel",
    "url": "https://cdn.discordapp.com/emojis/1285399195234078801.png",
    "animated": false
  },
  {
    "id": "1285399202096091258",
    "name": "egirl",
    "url": "https://cdn.discordapp.com/emojis/1285399202096091258.png",
    "animated": false
  },
  {
    "id": "1285399204335714345",
    "name": "8Cracher",
    "url": "https://cdn.discordapp.com/emojis/1285399204335714345.gif",
    "animated": true
  },
  {
    "id": "1285399213680627736",
    "name": "8PTDRRRR",
    "url": "https://cdn.discordapp.com/emojis/1285399213680627736.gif",
    "animated": true
  },
  {
    "id": "1285399215043907697",
    "name": "coeur",
    "url": "https://cdn.discordapp.com/emojis/1285399215043907697.gif",
    "animated": true
  },
  {
    "id": "1285399218969645142",
    "name": "diamond_pickaxe",
    "url": "https://cdn.discordapp.com/emojis/1285399218969645142.png",
    "animated": false
  },
  {
    "id": "1285399221708783658",
    "name": "8EUUH",
    "url": "https://cdn.discordapp.com/emojis/1285399221708783658.gif",
    "animated": true
  },
  {
    "id": "1285399227400196106",
    "name": "pepe_naruto1",
    "url": "https://cdn.discordapp.com/emojis/1285399227400196106.gif",
    "animated": true
  },
  {
    "id": "1285399230474883133",
    "name": "8Dance",
    "url": "https://cdn.discordapp.com/emojis/1285399230474883133.gif",
    "animated": true
  },
  {
    "id": "1285399238716555274",
    "name": "bz",
    "url": "https://cdn.discordapp.com/emojis/1285399238716555274.gif",
    "animated": true
  },
  {
    "id": "1285399239853215807",
    "name": "pepe_laugh",
    "url": "https://cdn.discordapp.com/emojis/1285399239853215807.gif",
    "animated": true
  },
  {
    "id": "1285399244114624636",
    "name": "pepe_licktoes",
    "url": "https://cdn.discordapp.com/emojis/1285399244114624636.gif",
    "animated": true
  },
  {
    "id": "1285414288248279072",
    "name": "pepe_naruto",
    "url": "https://cdn.discordapp.com/emojis/1285414288248279072.gif",
    "animated": true
  },
  {
    "id": "1285414293650538578",
    "name": "pepe_schild_Scam",
    "url": "https://cdn.discordapp.com/emojis/1285414293650538578.gif",
    "animated": true
  },
  {
    "id": "1285414295017885727",
    "name": "0_kirbyfall",
    "url": "https://cdn.discordapp.com/emojis/1285414295017885727.gif",
    "animated": true
  },
  {
    "id": "1285414296653791324",
    "name": "socoquette",
    "url": "https://cdn.discordapp.com/emojis/1285414296653791324.png",
    "animated": false
  },
  {
    "id": "1285414305264697368",
    "name": "pepe_enchanted_diamond_sword",
    "url": "https://cdn.discordapp.com/emojis/1285414305264697368.gif",
    "animated": true
  },
  {
    "id": "1285414306812526713",
    "name": "PES_TechSupport",
    "url": "https://cdn.discordapp.com/emojis/1285414306812526713.png",
    "animated": false
  },
  {
    "id": "1285414316451037216",
    "name": "pepenoted",
    "url": "https://cdn.discordapp.com/emojis/1285414316451037216.gif",
    "animated": true
  },
  {
    "id": "1285414317738561659",
    "name": "KekLoser",
    "url": "https://cdn.discordapp.com/emojis/1285414317738561659.png",
    "animated": false
  },
  {
    "id": "1285414325833433162",
    "name": "pepe_strapped_animated",
    "url": "https://cdn.discordapp.com/emojis/1285414325833433162.gif",
    "animated": true
  },
  {
    "id": "1285414327406563379",
    "name": "E4",
    "url": "https://cdn.discordapp.com/emojis/1285414327406563379.gif",
    "animated": true
  },
  {
    "id": "1285414334507388950",
    "name": "1_genant",
    "url": "https://cdn.discordapp.com/emojis/1285414334507388950.png",
    "animated": false
  },
  {
    "id": "1285414336671514728",
    "name": "Daily_Challenge",
    "url": "https://cdn.discordapp.com/emojis/1285414336671514728.png",
    "animated": false
  },
  {
    "id": "1285414342468177950",
    "name": "1_menfou",
    "url": "https://cdn.discordapp.com/emojis/1285414342468177950.png",
    "animated": false
  },
  {
    "id": "1285414344485769317",
    "name": "779433601749221449",
    "url": "https://cdn.discordapp.com/emojis/1285414344485769317.gif",
    "animated": true
  },
  {
    "id": "1285414348579143701",
    "name": "1_mangetmort",
    "url": "https://cdn.discordapp.com/emojis/1285414348579143701.png",
    "animated": false
  },
  {
    "id": "1285414350273908800",
    "name": "angry",
    "url": "https://cdn.discordapp.com/emojis/1285414350273908800.png",
    "animated": false
  },
  {
    "id": "1285414352006156339",
    "name": "1_mangetmort",
    "url": "https://cdn.discordapp.com/emojis/1285414352006156339.png",
    "animated": false
  },
  {
    "id": "1285414355034312704",
    "name": "1_larue",
    "url": "https://cdn.discordapp.com/emojis/1285414355034312704.png",
    "animated": false
  },
  {
    "id": "1285414357567799319",
    "name": "blackheartfull",
    "url": "https://cdn.discordapp.com/emojis/1285414357567799319.png",
    "animated": false
  },
  {
    "id": "1285414358947594264",
    "name": "1_larue",
    "url": "https://cdn.discordapp.com/emojis/1285414358947594264.png",
    "animated": false
  },
  {
    "id": "1285429390662176851",
    "name": "OtherHeart1CL",
    "url": "https://cdn.discordapp.com/emojis/1285429390662176851.png",
    "animated": false
  },
  {
    "id": "1285429395825098808",
    "name": "blackcrown",
    "url": "https://cdn.discordapp.com/emojis/1285429395825098808.gif",
    "animated": true
  },
  {
    "id": "1285429398354264087",
    "name": "OtherHeart2CL",
    "url": "https://cdn.discordapp.com/emojis/1285429398354264087.png",
    "animated": false
  },
  {
    "id": "1285429402523402351",
    "name": "egun4",
    "url": "https://cdn.discordapp.com/emojis/1285429402523402351.gif",
    "animated": true
  },
  {
    "id": "1285429404939456573",
    "name": "Ass",
    "url": "https://cdn.discordapp.com/emojis/1285429404939456573.gif",
    "animated": true
  },
  {
    "id": "1285429408890621976",
    "name": "lipbite",
    "url": "https://cdn.discordapp.com/emojis/1285429408890621976.png",
    "animated": false
  },
  {
    "id": "1285429414049353853",
    "name": "zzimsgrocket",
    "url": "https://cdn.discordapp.com/emojis/1285429414049353853.gif",
    "animated": true
  },
  {
    "id": "1285429416826114079",
    "name": "Radiant",
    "url": "https://cdn.discordapp.com/emojis/1285429416826114079.png",
    "animated": false
  },
  {
    "id": "1285429419585966182",
    "name": "_mmortal_",
    "url": "https://cdn.discordapp.com/emojis/1285429419585966182.png",
    "animated": false
  },
  {
    "id": "1285429421943160873",
    "name": "hellolove",
    "url": "https://cdn.discordapp.com/emojis/1285429421943160873.png",
    "animated": false
  },
  {
    "id": "1285429424090644512",
    "name": "hellokitty",
    "url": "https://cdn.discordapp.com/emojis/1285429424090644512.gif",
    "animated": true
  },
  {
    "id": "1285429427001364500",
    "name": "nike",
    "url": "https://cdn.discordapp.com/emojis/1285429427001364500.gif",
    "animated": true
  },
  {
    "id": "1285538400685920320",
    "name": "emoji_4",
    "url": "https://cdn.discordapp.com/emojis/1285538400685920320.png",
    "animated": false
  },
  {
    "id": "1285646759451693189",
    "name": "Verified",
    "url": "https://cdn.discordapp.com/emojis/1285646759451693189.png",
    "animated": false
  },
  {
    "id": "1285675375216689152",
    "name": "Star",
    "url": "https://cdn.discordapp.com/emojis/1285675375216689152.png",
    "animated": false
  },
  {
    "id": "1285675377812832287",
    "name": "loudlist2",
    "url": "https://cdn.discordapp.com/emojis/1285675377812832287.png",
    "animated": false
  },
  {
    "id": "1285675380333613146",
    "name": "white_kkittyspank",
    "url": "https://cdn.discordapp.com/emojis/1285675380333613146.gif",
    "animated": true
  },
  {
    "id": "1285675383479336991",
    "name": "3568catkiss",
    "url": "https://cdn.discordapp.com/emojis/1285675383479336991.gif",
    "animated": true
  },
  {
    "id": "1285675385387880459",
    "name": "A_heart3",
    "url": "https://cdn.discordapp.com/emojis/1285675385387880459.gif",
    "animated": true
  },
  {
    "id": "1285676021986754612",
    "name": "brl",
    "url": "https://cdn.discordapp.com/emojis/1285676021986754612.gif",
    "animated": true
  },
  {
    "id": "1285676024331243681",
    "name": "minecraft_cookie",
    "url": "https://cdn.discordapp.com/emojis/1285676024331243681.png",
    "animated": false
  },
  {
    "id": "1285676026956877847",
    "name": "emoji_21",
    "url": "https://cdn.discordapp.com/emojis/1285676026956877847.png",
    "animated": false
  },
  {
    "id": "1285676029964320849",
    "name": "emoji_29",
    "url": "https://cdn.discordapp.com/emojis/1285676029964320849.png",
    "animated": false
  },
  {
    "id": "1285676032279576607",
    "name": "emoji_22",
    "url": "https://cdn.discordapp.com/emojis/1285676032279576607.png",
    "animated": false
  },
  {
    "id": "1287161278455873638",
    "name": "1281019395761639567",
    "url": "https://cdn.discordapp.com/emojis/1287161278455873638.png",
    "animated": false
  },
  {
    "id": "1287161280972587029",
    "name": "1281019410508939359",
    "url": "https://cdn.discordapp.com/emojis/1287161280972587029.png",
    "animated": false
  },
  {
    "id": "1287161283321266197",
    "name": "text_gif_egirl",
    "url": "https://cdn.discordapp.com/emojis/1287161283321266197.gif",
    "animated": true
  },
  {
    "id": "1287161285921734747",
    "name": "shinoaachokeyy",
    "url": "https://cdn.discordapp.com/emojis/1287161285921734747.png",
    "animated": false
  },
  {
    "id": "1287161287733678123",
    "name": "TLE",
    "url": "https://cdn.discordapp.com/emojis/1287161287733678123.png",
    "animated": false
  },
  {
    "id": "1287161290040545403",
    "name": "neuille",
    "url": "https://cdn.discordapp.com/emojis/1287161290040545403.png",
    "animated": false
  },
  {
    "id": "1287161292452532276",
    "name": "kaillou",
    "url": "https://cdn.discordapp.com/emojis/1287161292452532276.png",
    "animated": false
  },
  {
    "id": "1287161294914322443",
    "name": "kaillou_allume",
    "url": "https://cdn.discordapp.com/emojis/1287161294914322443.png",
    "animated": false
  },
  {
    "id": "1287161296659153010",
    "name": "steamhappy",
    "url": "https://cdn.discordapp.com/emojis/1287161296659153010.png",
    "animated": false
  },
  {
    "id": "1287161299431591987",
    "name": "pesse",
    "url": "https://cdn.discordapp.com/emojis/1287161299431591987.png",
    "animated": false
  },
  {
    "id": "1287161301818151026",
    "name": "steammocking",
    "url": "https://cdn.discordapp.com/emojis/1287161301818151026.png",
    "animated": false
  },
  {
    "id": "1287161304272080907",
    "name": "steamsad",
    "url": "https://cdn.discordapp.com/emojis/1287161304272080907.png",
    "animated": false
  },
  {
    "id": "1287161306566103132",
    "name": "steamsunny",
    "url": "https://cdn.discordapp.com/emojis/1287161306566103132.png",
    "animated": false
  },
  {
    "id": "1287161308508192832",
    "name": "Minecraft",
    "url": "https://cdn.discordapp.com/emojis/1287161308508192832.png",
    "animated": false
  },
  {
    "id": "1287161312471941162",
    "name": "Clown",
    "url": "https://cdn.discordapp.com/emojis/1287161312471941162.gif",
    "animated": true
  },
  {
    "id": "1287161372177858735",
    "name": "emoji_176",
    "url": "https://cdn.discordapp.com/emojis/1287161372177858735.png",
    "animated": false
  },
  {
    "id": "1287193086572630147",
    "name": "emoji_20",
    "url": "https://cdn.discordapp.com/emojis/1287193086572630147.png",
    "animated": false
  }
]