[
  {
    "id": "1299066120732545044",
    "name": "Arrow_Red_Right",
    "url": "https://cdn.discordapp.com/emojis/1299066120732545044.png",
    "animated": false
  },
  {
    "id": "1299066124012490782",
    "name": "Quote2",
    "url": "https://cdn.discordapp.com/emojis/1299066124012490782.png",
    "animated": false
  },
  {
    "id": "1299066126482800672",
    "name": "Arrow",
    "url": "https://cdn.discordapp.com/emojis/1299066126482800672.png",
    "animated": false
  },
  {
    "id": "1299066128756248676",
    "name": "BlueLock",
    "url": "https://cdn.discordapp.com/emojis/1299066128756248676.png",
    "animated": false
  },
  {
    "id": "1299066130408804396",
    "name": "Quote1",
    "url": "https://cdn.discordapp.com/emojis/1299066130408804396.png",
    "animated": false
  },
  {
    "id": "1299066133055279106",
    "name": "BarrowRR",
    "url": "https://cdn.discordapp.com/emojis/1299066133055279106.png",
    "animated": false
  }
]