[
  {
    "id": "1243922968749412474",
    "name": "1_2El_Poulet",
    "url": "https://cdn.discordapp.com/emojis/1243922968749412474.gif",
    "animated": true
  },
  {
    "id": "1243922994573742081",
    "name": "3_raiden_cry_bwaaaaaaaaaaa",
    "url": "https://cdn.discordapp.com/emojis/1243922994573742081.png",
    "animated": false
  },
  {
    "id": "1243923152099086388",
    "name": "5_huohuo_cry_bwaaaaaa",
    "url": "https://cdn.discordapp.com/emojis/1243923152099086388.png",
    "animated": false
  },
  {
    "id": "1243923172500181062",
    "name": "8_Pouetpouet",
    "url": "https://cdn.discordapp.com/emojis/1243923172500181062.png",
    "animated": false
  },
  {
    "id": "1243923189923315724",
    "name": "6_anime_hourrai",
    "url": "https://cdn.discordapp.com/emojis/1243923189923315724.png",
    "animated": false
  },
  {
    "id": "1243923232399163474",
    "name": "8_1yodafire",
    "url": "https://cdn.discordapp.com/emojis/1243923232399163474.gif",
    "animated": true
  },
  {
    "id": "1243923251827183707",
    "name": "4_capoo_write",
    "url": "https://cdn.discordapp.com/emojis/1243923251827183707.png",
    "animated": false
  },
  {
    "id": "1243923268243820626",
    "name": "3_cute_yayy",
    "url": "https://cdn.discordapp.com/emojis/1243923268243820626.png",
    "animated": false
  },
  {
    "id": "1243923295666180106",
    "name": "6_pika_think",
    "url": "https://cdn.discordapp.com/emojis/1243923295666180106.png",
    "animated": false
  },
  {
    "id": "1243923318025748542",
    "name": "90_1dancing",
    "url": "https://cdn.discordapp.com/emojis/1243923318025748542.gif",
    "animated": true
  },
  {
    "id": "1243923345888514109",
    "name": "6_pika_angry",
    "url": "https://cdn.discordapp.com/emojis/1243923345888514109.png",
    "animated": false
  },
  {
    "id": "1243923368265121874",
    "name": "91_kouto_alatak",
    "url": "https://cdn.discordapp.com/emojis/1243923368265121874.png",
    "animated": false
  },
  {
    "id": "1243923391145054228",
    "name": "3_1fight",
    "url": "https://cdn.discordapp.com/emojis/1243923391145054228.gif",
    "animated": true
  },
  {
    "id": "1243923411260936285",
    "name": "5_huohuo_whut",
    "url": "https://cdn.discordapp.com/emojis/1243923411260936285.png",
    "animated": false
  },
  {
    "id": "1243923427241361501",
    "name": "3_chef_wi_chef",
    "url": "https://cdn.discordapp.com/emojis/1243923427241361501.png",
    "animated": false
  },
  {
    "id": "1243923449152409680",
    "name": "2_1girl_haaaaaaa",
    "url": "https://cdn.discordapp.com/emojis/1243923449152409680.gif",
    "animated": true
  },
  {
    "id": "1243923464436584549",
    "name": "91_hamster",
    "url": "https://cdn.discordapp.com/emojis/1243923464436584549.png",
    "animated": false
  },
  {
    "id": "1243947444522319882",
    "name": "4_1shark_dancing",
    "url": "https://cdn.discordapp.com/emojis/1243947444522319882.gif",
    "animated": true
  },
  {
    "id": "1243954018229948526",
    "name": "91_1cat_stare",
    "url": "https://cdn.discordapp.com/emojis/1243954018229948526.png",
    "animated": false
  },
  {
    "id": "1243957193125134497",
    "name": "1_1xd_blush",
    "url": "https://cdn.discordapp.com/emojis/1243957193125134497.png",
    "animated": false
  },
  {
    "id": "1243957266831642675",
    "name": "1_1xb_chubby",
    "url": "https://cdn.discordapp.com/emojis/1243957266831642675.png",
    "animated": false
  },
  {
    "id": "1243957575481950278",
    "name": "1_pistachat_dance",
    "url": "https://cdn.discordapp.com/emojis/1243957575481950278.gif",
    "animated": true
  },
  {
    "id": "1243958004227899412",
    "name": "3_1Purple_Butterfly",
    "url": "https://cdn.discordapp.com/emojis/1243958004227899412.gif",
    "animated": true
  },
  {
    "id": "1243958804786315334",
    "name": "8_1butterfly_red",
    "url": "https://cdn.discordapp.com/emojis/1243958804786315334.gif",
    "animated": true
  },
  {
    "id": "1243961339328860234",
    "name": "1_1star",
    "url": "https://cdn.discordapp.com/emojis/1243961339328860234.png",
    "animated": false
  },
  {
    "id": "1243963087900639354",
    "name": "3_1heart",
    "url": "https://cdn.discordapp.com/emojis/1243963087900639354.png",
    "animated": false
  },
  {
    "id": "1243965283111272502",
    "name": "8_1animated_girl_dancing",
    "url": "https://cdn.discordapp.com/emojis/1243965283111272502.gif",
    "animated": true
  },
  {
    "id": "1243967441189470360",
    "name": "8_heart",
    "url": "https://cdn.discordapp.com/emojis/1243967441189470360.png",
    "animated": false
  },
  {
    "id": "1243967570034561034",
    "name": "8_1Butterfly_Magenta",
    "url": "https://cdn.discordapp.com/emojis/1243967570034561034.gif",
    "animated": true
  },
  {
    "id": "1243967729296478341",
    "name": "1_bunny_hearts",
    "url": "https://cdn.discordapp.com/emojis/1243967729296478341.png",
    "animated": false
  },
  {
    "id": "1243970581418999939",
    "name": "6_pika_blblbl",
    "url": "https://cdn.discordapp.com/emojis/1243970581418999939.png",
    "animated": false
  },
  {
    "id": "1243972733532897401",
    "name": "1_1Fire",
    "url": "https://cdn.discordapp.com/emojis/1243972733532897401.gif",
    "animated": true
  },
  {
    "id": "1243972765934157985",
    "name": "1_1hearts",
    "url": "https://cdn.discordapp.com/emojis/1243972765934157985.gif",
    "animated": true
  },
  {
    "id": "1243972827066138716",
    "name": "1_1butterfly_white",
    "url": "https://cdn.discordapp.com/emojis/1243972827066138716.gif",
    "animated": true
  },
  {
    "id": "1243972864303173755",
    "name": "1_1white_sparkles",
    "url": "https://cdn.discordapp.com/emojis/1243972864303173755.gif",
    "animated": true
  },
  {
    "id": "1243972912860496074",
    "name": "1_11one",
    "url": "https://cdn.discordapp.com/emojis/1243972912860496074.png",
    "animated": false
  },
  {
    "id": "1243972930526904443",
    "name": "1_12two",
    "url": "https://cdn.discordapp.com/emojis/1243972930526904443.png",
    "animated": false
  },
  {
    "id": "1243973004145463336",
    "name": "1_14four",
    "url": "https://cdn.discordapp.com/emojis/1243973004145463336.png",
    "animated": false
  },
  {
    "id": "1243973023808229406",
    "name": "1_15five",
    "url": "https://cdn.discordapp.com/emojis/1243973023808229406.png",
    "animated": false
  },
  {
    "id": "1243973206595866787",
    "name": "1_1cross",
    "url": "https://cdn.discordapp.com/emojis/1243973206595866787.png",
    "animated": false
  },
  {
    "id": "1243973273860178000",
    "name": "1_1heart",
    "url": "https://cdn.discordapp.com/emojis/1243973273860178000.gif",
    "animated": true
  },
  {
    "id": "1243973304075681802",
    "name": "1_1hearts_3",
    "url": "https://cdn.discordapp.com/emojis/1243973304075681802.gif",
    "animated": true
  },
  {
    "id": "1243973329006624838",
    "name": "1_1ribbon",
    "url": "https://cdn.discordapp.com/emojis/1243973329006624838.gif",
    "animated": true
  },
  {
    "id": "1243973352897642586",
    "name": "1_1wings",
    "url": "https://cdn.discordapp.com/emojis/1243973352897642586.gif",
    "animated": true
  },
  {
    "id": "1243974552061481032",
    "name": "1_1symbol_yes",
    "url": "https://cdn.discordapp.com/emojis/1243974552061481032.png",
    "animated": false
  },
  {
    "id": "1243974583548252160",
    "name": "1_1symbol_no",
    "url": "https://cdn.discordapp.com/emojis/1243974583548252160.png",
    "animated": false
  },
  {
    "id": "1243975482144325734",
    "name": "1_1crown",
    "url": "https://cdn.discordapp.com/emojis/1243975482144325734.png",
    "animated": false
  },
  {
    "id": "1243975661073465465",
    "name": "1_1sparkles_star",
    "url": "https://cdn.discordapp.com/emojis/1243975661073465465.gif",
    "animated": true
  },
  {
    "id": "1243975857324691577",
    "name": "1_1ribbon",
    "url": "https://cdn.discordapp.com/emojis/1243975857324691577.png",
    "animated": false
  },
  {
    "id": "1243978484678922240",
    "name": "1_timefall_snuggle",
    "url": "https://cdn.discordapp.com/emojis/1243978484678922240.png",
    "animated": false
  },
  {
    "id": "1243978697518743665",
    "name": "1_eri_welcome",
    "url": "https://cdn.discordapp.com/emojis/1243978697518743665.png",
    "animated": false
  },
  {
    "id": "1243978838678175837",
    "name": "1_1xb_heheh",
    "url": "https://cdn.discordapp.com/emojis/1243978838678175837.png",
    "animated": false
  },
  {
    "id": "1243999315186159758",
    "name": "2_1wings",
    "url": "https://cdn.discordapp.com/emojis/1243999315186159758.gif",
    "animated": true
  },
  {
    "id": "1243999346467541062",
    "name": "2_1Hearts",
    "url": "https://cdn.discordapp.com/emojis/1243999346467541062.gif",
    "animated": true
  },
  {
    "id": "1243999402666885130",
    "name": "2_1two_stars",
    "url": "https://cdn.discordapp.com/emojis/1243999402666885130.gif",
    "animated": true
  },
  {
    "id": "1243999420169588766",
    "name": "2_1bat",
    "url": "https://cdn.discordapp.com/emojis/1243999420169588766.gif",
    "animated": true
  },
  {
    "id": "1243999490004877415",
    "name": "2_1cat",
    "url": "https://cdn.discordapp.com/emojis/1243999490004877415.png",
    "animated": false
  },
  {
    "id": "1243999508002771066",
    "name": "2_1black_cat_eyes",
    "url": "https://cdn.discordapp.com/emojis/1243999508002771066.gif",
    "animated": true
  },
  {
    "id": "1243999545122099250",
    "name": "2_1black_heart",
    "url": "https://cdn.discordapp.com/emojis/1243999545122099250.gif",
    "animated": true
  },
  {
    "id": "1243999606828699698",
    "name": "2_amongus_happy",
    "url": "https://cdn.discordapp.com/emojis/1243999606828699698.gif",
    "animated": true
  },
  {
    "id": "1243999627666133084",
    "name": "2_1butterfly",
    "url": "https://cdn.discordapp.com/emojis/1243999627666133084.gif",
    "animated": true
  },
  {
    "id": "1243999645135278161",
    "name": "2_1black_stars",
    "url": "https://cdn.discordapp.com/emojis/1243999645135278161.gif",
    "animated": true
  },
  {
    "id": "1243999663384825857",
    "name": "2_1black_thunder",
    "url": "https://cdn.discordapp.com/emojis/1243999663384825857.gif",
    "animated": true
  },
  {
    "id": "1243999731248795740",
    "name": "2_1fire_black",
    "url": "https://cdn.discordapp.com/emojis/1243999731248795740.gif",
    "animated": true
  },
  {
    "id": "1243999840988561408",
    "name": "2_1ribbon",
    "url": "https://cdn.discordapp.com/emojis/1243999840988561408.png",
    "animated": false
  },
  {
    "id": "1243999880838516887",
    "name": "2_1spin_heart",
    "url": "https://cdn.discordapp.com/emojis/1243999880838516887.gif",
    "animated": true
  },
  {
    "id": "1244002722785787915",
    "name": "3_purple_wings",
    "url": "https://cdn.discordapp.com/emojis/1244002722785787915.gif",
    "animated": true
  },
  {
    "id": "1244002752799969320",
    "name": "3_1star",
    "url": "https://cdn.discordapp.com/emojis/1244002752799969320.png",
    "animated": false
  },
  {
    "id": "1244002786962833408",
    "name": "3_2purple_eheh",
    "url": "https://cdn.discordapp.com/emojis/1244002786962833408.gif",
    "animated": true
  },
  {
    "id": "1244002816062787635",
    "name": "3_1heart",
    "url": "https://cdn.discordapp.com/emojis/1244002816062787635.png",
    "animated": false
  },
  {
    "id": "1244002865622814750",
    "name": "3_2purple_idk",
    "url": "https://cdn.discordapp.com/emojis/1244002865622814750.gif",
    "animated": true
  },
  {
    "id": "1244002886774558761",
    "name": "3_Purple_ditto",
    "url": "https://cdn.discordapp.com/emojis/1244002886774558761.gif",
    "animated": true
  },
  {
    "id": "1244002953136705637",
    "name": "3_dance_head",
    "url": "https://cdn.discordapp.com/emojis/1244002953136705637.gif",
    "animated": true
  },
  {
    "id": "1244002984074149970",
    "name": "3_1star",
    "url": "https://cdn.discordapp.com/emojis/1244002984074149970.gif",
    "animated": true
  },
  {
    "id": "1244003005028896901",
    "name": "3_sip_milkshake",
    "url": "https://cdn.discordapp.com/emojis/1244003005028896901.png",
    "animated": false
  },
  {
    "id": "1244003027451514924",
    "name": "3_1hrts",
    "url": "https://cdn.discordapp.com/emojis/1244003027451514924.gif",
    "animated": true
  },
  {
    "id": "1244003053502464133",
    "name": "3_purple_bat",
    "url": "https://cdn.discordapp.com/emojis/1244003053502464133.gif",
    "animated": true
  },
  {
    "id": "1244003098880639067",
    "name": "3_1butterfly",
    "url": "https://cdn.discordapp.com/emojis/1244003098880639067.gif",
    "animated": true
  },
  {
    "id": "1244003459813085285",
    "name": "3_1fire",
    "url": "https://cdn.discordapp.com/emojis/1244003459813085285.gif",
    "animated": true
  },
  {
    "id": "1244003544684695644",
    "name": "3_purple_penguin_run",
    "url": "https://cdn.discordapp.com/emojis/1244003544684695644.gif",
    "animated": true
  },
  {
    "id": "1244003579274989589",
    "name": "3_1hrts",
    "url": "https://cdn.discordapp.com/emojis/1244003579274989589.gif",
    "animated": true
  },
  {
    "id": "1244006026492121189",
    "name": "4_1persec",
    "url": "https://cdn.discordapp.com/emojis/1244006026492121189.gif",
    "animated": true
  },
  {
    "id": "1244006070238711900",
    "name": "4_1wings",
    "url": "https://cdn.discordapp.com/emojis/1244006070238711900.gif",
    "animated": true
  },
  {
    "id": "1244006085799444510",
    "name": "4_1Hearts",
    "url": "https://cdn.discordapp.com/emojis/1244006085799444510.gif",
    "animated": true
  },
  {
    "id": "1244006109086486609",
    "name": "4_x_ola",
    "url": "https://cdn.discordapp.com/emojis/1244006109086486609.png",
    "animated": false
  },
  {
    "id": "1244006138555662336",
    "name": "4_1crown_blue",
    "url": "https://cdn.discordapp.com/emojis/1244006138555662336.gif",
    "animated": true
  },
  {
    "id": "1244006207329538138",
    "name": "4_aquacry",
    "url": "https://cdn.discordapp.com/emojis/1244006207329538138.png",
    "animated": false
  },
  {
    "id": "1244014435442622505",
    "name": "4_1heart_glowing",
    "url": "https://cdn.discordapp.com/emojis/1244014435442622505.png",
    "animated": false
  },
  {
    "id": "1244014438776832020",
    "name": "4_1Ribbon_Blue",
    "url": "https://cdn.discordapp.com/emojis/1244014438776832020.gif",
    "animated": true
  },
  {
    "id": "1244015025564422286",
    "name": "4_1musicnot",
    "url": "https://cdn.discordapp.com/emojis/1244015025564422286.gif",
    "animated": true
  },
  {
    "id": "1244015298861072434",
    "name": "4_1_magic",
    "url": "https://cdn.discordapp.com/emojis/1244015298861072434.gif",
    "animated": true
  },
  {
    "id": "1244015448937336972",
    "name": "4_soninho_PDT",
    "url": "https://cdn.discordapp.com/emojis/1244015448937336972.png",
    "animated": false
  },
  {
    "id": "1244015477437759488",
    "name": "4_1hearts_blue",
    "url": "https://cdn.discordapp.com/emojis/1244015477437759488.gif",
    "animated": true
  },
  {
    "id": "1244015533570130002",
    "name": "4_1flower",
    "url": "https://cdn.discordapp.com/emojis/1244015533570130002.png",
    "animated": false
  },
  {
    "id": "1244018220017385583",
    "name": "5_1wings",
    "url": "https://cdn.discordapp.com/emojis/1244018220017385583.gif",
    "animated": true
  },
  {
    "id": "1244018323197530255",
    "name": "5_j_dino_sw",
    "url": "https://cdn.discordapp.com/emojis/1244018323197530255.png",
    "animated": false
  },
  {
    "id": "1244018345083273288",
    "name": "5_H_music",
    "url": "https://cdn.discordapp.com/emojis/1244018345083273288.png",
    "animated": false
  },
  {
    "id": "1244018373155749918",
    "name": "5_1Money",
    "url": "https://cdn.discordapp.com/emojis/1244018373155749918.gif",
    "animated": true
  },
  {
    "id": "1244018393913364601",
    "name": "5_1hearts",
    "url": "https://cdn.discordapp.com/emojis/1244018393913364601.gif",
    "animated": true
  },
  {
    "id": "1244018416923316385",
    "name": "5_1flame",
    "url": "https://cdn.discordapp.com/emojis/1244018416923316385.gif",
    "animated": true
  },
  {
    "id": "1244018443234185268",
    "name": "5_hackerSNT",
    "url": "https://cdn.discordapp.com/emojis/1244018443234185268.gif",
    "animated": true
  },
  {
    "id": "1244018533852123208",
    "name": "5_1ghosthearts",
    "url": "https://cdn.discordapp.com/emojis/1244018533852123208.gif",
    "animated": true
  },
  {
    "id": "1244018560796200991",
    "name": "5_1Heart_BT",
    "url": "https://cdn.discordapp.com/emojis/1244018560796200991.gif",
    "animated": true
  },
  {
    "id": "1244018614298742857",
    "name": "5_1hearts",
    "url": "https://cdn.discordapp.com/emojis/1244018614298742857.gif",
    "animated": true
  },
  {
    "id": "1244019341536526436",
    "name": "5_1green_dancing",
    "url": "https://cdn.discordapp.com/emojis/1244019341536526436.gif",
    "animated": true
  },
  {
    "id": "1244019395727069286",
    "name": "5_1green_cute_star",
    "url": "https://cdn.discordapp.com/emojis/1244019395727069286.gif",
    "animated": true
  },
  {
    "id": "1244019415461265449",
    "name": "5_1green_magic",
    "url": "https://cdn.discordapp.com/emojis/1244019415461265449.gif",
    "animated": true
  },
  {
    "id": "1244022019247312976",
    "name": "6_1yellow_wings",
    "url": "https://cdn.discordapp.com/emojis/1244022019247312976.gif",
    "animated": true
  },
  {
    "id": "1244022088944189540",
    "name": "6_yellow_pikachu",
    "url": "https://cdn.discordapp.com/emojis/1244022088944189540.gif",
    "animated": true
  },
  {
    "id": "1244022133085048933",
    "name": "6_yellow_nofinger",
    "url": "https://cdn.discordapp.com/emojis/1244022133085048933.gif",
    "animated": true
  },
  {
    "id": "1244022168149295254",
    "name": "6_1Hearts",
    "url": "https://cdn.discordapp.com/emojis/1244022168149295254.gif",
    "animated": true
  },
  {
    "id": "1244022229646184480",
    "name": "6_1bow",
    "url": "https://cdn.discordapp.com/emojis/1244022229646184480.png",
    "animated": false
  },
  {
    "id": "1244022262034858086",
    "name": "6_1crown",
    "url": "https://cdn.discordapp.com/emojis/1244022262034858086.png",
    "animated": false
  },
  {
    "id": "1244022292410011741",
    "name": "6_1fire_yellow",
    "url": "https://cdn.discordapp.com/emojis/1244022292410011741.gif",
    "animated": true
  },
  {
    "id": "1244022318360039504",
    "name": "6_1sun_Heart",
    "url": "https://cdn.discordapp.com/emojis/1244022318360039504.gif",
    "animated": true
  },
  {
    "id": "1244022349217665064",
    "name": "6_1sparkle_yellow",
    "url": "https://cdn.discordapp.com/emojis/1244022349217665064.gif",
    "animated": true
  },
  {
    "id": "1244029555430133842",
    "name": "6_1butterfly_yellow",
    "url": "https://cdn.discordapp.com/emojis/1244029555430133842.gif",
    "animated": true
  },
  {
    "id": "1244030067189878884",
    "name": "6_1Little_Pretty_Star_Yellow",
    "url": "https://cdn.discordapp.com/emojis/1244030067189878884.gif",
    "animated": true
  },
  {
    "id": "1244034051635937403",
    "name": "7_1star_",
    "url": "https://cdn.discordapp.com/emojis/1244034051635937403.gif",
    "animated": true
  },
  {
    "id": "1244034075816099910",
    "name": "7_pokemon_PDT",
    "url": "https://cdn.discordapp.com/emojis/1244034075816099910.png",
    "animated": false
  },
  {
    "id": "1244034092069027840",
    "name": "7_sala",
    "url": "https://cdn.discordapp.com/emojis/1244034092069027840.gif",
    "animated": true
  },
  {
    "id": "1244034145462521866",
    "name": "7_gun",
    "url": "https://cdn.discordapp.com/emojis/1244034145462521866.gif",
    "animated": true
  },
  {
    "id": "1244034164056129546",
    "name": "7_1Star",
    "url": "https://cdn.discordapp.com/emojis/1244034164056129546.gif",
    "animated": true
  },
  {
    "id": "1244034212139630603",
    "name": "7_Crew",
    "url": "https://cdn.discordapp.com/emojis/1244034212139630603.gif",
    "animated": true
  },
  {
    "id": "1244034254430797884",
    "name": "7_1ac_Fire",
    "url": "https://cdn.discordapp.com/emojis/1244034254430797884.gif",
    "animated": true
  },
  {
    "id": "1244034316934053948",
    "name": "7_1Flying_hearts_",
    "url": "https://cdn.discordapp.com/emojis/1244034316934053948.gif",
    "animated": true
  },
  {
    "id": "1244034336278315088",
    "name": "7_1heart",
    "url": "https://cdn.discordapp.com/emojis/1244034336278315088.gif",
    "animated": true
  },
  {
    "id": "1244034368607883355",
    "name": "7_1heart_wings1",
    "url": "https://cdn.discordapp.com/emojis/1244034368607883355.gif",
    "animated": true
  },
  {
    "id": "1244034420155875442",
    "name": "7_1Ohad_Sparks_",
    "url": "https://cdn.discordapp.com/emojis/1244034420155875442.gif",
    "animated": true
  },
  {
    "id": "1244034442469572638",
    "name": "7_hug",
    "url": "https://cdn.discordapp.com/emojis/1244034442469572638.gif",
    "animated": true
  },
  {
    "id": "1244038603785502821",
    "name": "8_1verified_red",
    "url": "https://cdn.discordapp.com/emojis/1244038603785502821.gif",
    "animated": true
  },
  {
    "id": "1244038672572219434",
    "name": "8_1heart_wings",
    "url": "https://cdn.discordapp.com/emojis/1244038672572219434.gif",
    "animated": true
  },
  {
    "id": "1244038768768450560",
    "name": "8_1fire",
    "url": "https://cdn.discordapp.com/emojis/1244038768768450560.gif",
    "animated": true
  },
  {
    "id": "1244038931931201566",
    "name": "8_1bow_red",
    "url": "https://cdn.discordapp.com/emojis/1244038931931201566.gif",
    "animated": true
  },
  {
    "id": "1244038948666478593",
    "name": "8_1bow",
    "url": "https://cdn.discordapp.com/emojis/1244038948666478593.png",
    "animated": false
  },
  {
    "id": "1244038973236445325",
    "name": "8_1star",
    "url": "https://cdn.discordapp.com/emojis/1244038973236445325.gif",
    "animated": true
  },
  {
    "id": "1244039005868392641",
    "name": "8_1flag",
    "url": "https://cdn.discordapp.com/emojis/1244039005868392641.gif",
    "animated": true
  },
  {
    "id": "1244039026902564927",
    "name": "8_1planet",
    "url": "https://cdn.discordapp.com/emojis/1244039026902564927.gif",
    "animated": true
  },
  {
    "id": "1244039055851655238",
    "name": "8_1butterfly",
    "url": "https://cdn.discordapp.com/emojis/1244039055851655238.gif",
    "animated": true
  },
  {
    "id": "1244039103889281064",
    "name": "8_1hearts",
    "url": "https://cdn.discordapp.com/emojis/1244039103889281064.gif",
    "animated": true
  },
  {
    "id": "1244046794455781488",
    "name": "8_1Ahearts",
    "url": "https://cdn.discordapp.com/emojis/1244046794455781488.gif",
    "animated": true
  },
  {
    "id": "1244046834695933983",
    "name": "8_1klee_panic",
    "url": "https://cdn.discordapp.com/emojis/1244046834695933983.gif",
    "animated": true
  },
  {
    "id": "1244050367390416927",
    "name": "72_1pink_wings",
    "url": "https://cdn.discordapp.com/emojis/1244050367390416927.gif",
    "animated": true
  },
  {
    "id": "1244050392136814644",
    "name": "91_1rainfall_pink_run",
    "url": "https://cdn.discordapp.com/emojis/1244050392136814644.gif",
    "animated": true
  },
  {
    "id": "1244050411745185923",
    "name": "72_pink_popcornKirbi",
    "url": "https://cdn.discordapp.com/emojis/1244050411745185923.png",
    "animated": false
  },
  {
    "id": "1244050477134385222",
    "name": "72_1pink_butter",
    "url": "https://cdn.discordapp.com/emojis/1244050477134385222.gif",
    "animated": true
  },
  {
    "id": "1244050494666571789",
    "name": "72_1star",
    "url": "https://cdn.discordapp.com/emojis/1244050494666571789.gif",
    "animated": true
  },
  {
    "id": "1244050513603854438",
    "name": "72_1z_fox_vibe",
    "url": "https://cdn.discordapp.com/emojis/1244050513603854438.gif",
    "animated": true
  },
  {
    "id": "1244050531534635119",
    "name": "72_1Deja_Pink_Fire",
    "url": "https://cdn.discordapp.com/emojis/1244050531534635119.gif",
    "animated": true
  },
  {
    "id": "1244050566787760189",
    "name": "72_1hearts_pink",
    "url": "https://cdn.discordapp.com/emojis/1244050566787760189.gif",
    "animated": true
  },
  {
    "id": "1244050600509964381",
    "name": "72_1mew_flying",
    "url": "https://cdn.discordapp.com/emojis/1244050600509964381.gif",
    "animated": true
  },
  {
    "id": "1244288482231189634",
    "name": "4_1butterfly",
    "url": "https://cdn.discordapp.com/emojis/1244288482231189634.png",
    "animated": false
  },
  {
    "id": "1244300275649609812",
    "name": "1_1xa_sad",
    "url": "https://cdn.discordapp.com/emojis/1244300275649609812.png",
    "animated": false
  },
  {
    "id": "1244603165974986812",
    "name": "1_1butterfly1",
    "url": "https://cdn.discordapp.com/emojis/1244603165974986812.png",
    "animated": false
  },
  {
    "id": "1244618310377537608",
    "name": "1_1dragon",
    "url": "https://cdn.discordapp.com/emojis/1244618310377537608.gif",
    "animated": true
  },
  {
    "id": "1244618714041548922",
    "name": "1_1exclamation",
    "url": "https://cdn.discordapp.com/emojis/1244618714041548922.gif",
    "animated": true
  },
  {
    "id": "1244624618506158191",
    "name": "1_1exclamation2",
    "url": "https://cdn.discordapp.com/emojis/1244624618506158191.gif",
    "animated": true
  },
  {
    "id": "1244630211908210739",
    "name": "1_1flower",
    "url": "https://cdn.discordapp.com/emojis/1244630211908210739.png",
    "animated": false
  },
  {
    "id": "1244635297480704081",
    "name": "1_headphones",
    "url": "https://cdn.discordapp.com/emojis/1244635297480704081.png",
    "animated": false
  },
  {
    "id": "1244640599668293754",
    "name": "1_1heart",
    "url": "https://cdn.discordapp.com/emojis/1244640599668293754.png",
    "animated": false
  },
  {
    "id": "1244641415615483998",
    "name": "cat_chokbar",
    "url": "https://cdn.discordapp.com/emojis/1244641415615483998.png",
    "animated": false
  },
  {
    "id": "1244642648581603398",
    "name": "2_L",
    "url": "https://cdn.discordapp.com/emojis/1244642648581603398.png",
    "animated": false
  },
  {
    "id": "1244644191124848675",
    "name": "1_1star",
    "url": "https://cdn.discordapp.com/emojis/1244644191124848675.png",
    "animated": false
  },
  {
    "id": "1244644595858407486",
    "name": "1_1xa_kill",
    "url": "https://cdn.discordapp.com/emojis/1244644595858407486.png",
    "animated": false
  },
  {
    "id": "1244646186976153660",
    "name": "1_1star2",
    "url": "https://cdn.discordapp.com/emojis/1244646186976153660.png",
    "animated": false
  },
  {
    "id": "1244646466119667834",
    "name": "4_1star",
    "url": "https://cdn.discordapp.com/emojis/1244646466119667834.png",
    "animated": false
  },
  {
    "id": "1244646828863918214",
    "name": "1_1kaz",
    "url": "https://cdn.discordapp.com/emojis/1244646828863918214.png",
    "animated": false
  },
  {
    "id": "1244647004462911498",
    "name": "1_heart",
    "url": "https://cdn.discordapp.com/emojis/1244647004462911498.png",
    "animated": false
  },
  {
    "id": "1244647649236488227",
    "name": "Ourson_Love2",
    "url": "https://cdn.discordapp.com/emojis/1244647649236488227.png",
    "animated": false
  },
  {
    "id": "1244647852609638422",
    "name": "Ourson_Love1",
    "url": "https://cdn.discordapp.com/emojis/1244647852609638422.png",
    "animated": false
  },
  {
    "id": "1244648037373186053",
    "name": "5_MaoShock",
    "url": "https://cdn.discordapp.com/emojis/1244648037373186053.png",
    "animated": false
  },
  {
    "id": "1244648314910146663",
    "name": "6_canard_couteau",
    "url": "https://cdn.discordapp.com/emojis/1244648314910146663.png",
    "animated": false
  },
  {
    "id": "1244649385908764722",
    "name": "1_canard_kawai",
    "url": "https://cdn.discordapp.com/emojis/1244649385908764722.png",
    "animated": false
  },
  {
    "id": "1244649494784638986",
    "name": "5_MaoAngry",
    "url": "https://cdn.discordapp.com/emojis/1244649494784638986.png",
    "animated": false
  },
  {
    "id": "1244649695331090582",
    "name": "1_1xa_waiting",
    "url": "https://cdn.discordapp.com/emojis/1244649695331090582.png",
    "animated": false
  },
  {
    "id": "1244650464725958707",
    "name": "1_1xa_cry",
    "url": "https://cdn.discordapp.com/emojis/1244650464725958707.png",
    "animated": false
  },
  {
    "id": "1244650581684125788",
    "name": "5_kermit_",
    "url": "https://cdn.discordapp.com/emojis/1244650581684125788.png",
    "animated": false
  },
  {
    "id": "1244651554057883748",
    "name": "4_Ganyu",
    "url": "https://cdn.discordapp.com/emojis/1244651554057883748.png",
    "animated": false
  },
  {
    "id": "1244651702393765929",
    "name": "4_cry",
    "url": "https://cdn.discordapp.com/emojis/1244651702393765929.png",
    "animated": false
  },
  {
    "id": "1244651957289881630",
    "name": "72_blush",
    "url": "https://cdn.discordapp.com/emojis/1244651957289881630.png",
    "animated": false
  },
  {
    "id": "1244652126613930095",
    "name": "7_1heart",
    "url": "https://cdn.discordapp.com/emojis/1244652126613930095.png",
    "animated": false
  },
  {
    "id": "1244655099955904523",
    "name": "1_1xa_marry",
    "url": "https://cdn.discordapp.com/emojis/1244655099955904523.png",
    "animated": false
  },
  {
    "id": "1244660041554853929",
    "name": "6_1heart",
    "url": "https://cdn.discordapp.com/emojis/1244660041554853929.png",
    "animated": false
  },
  {
    "id": "1244662163084411040",
    "name": "cat_love",
    "url": "https://cdn.discordapp.com/emojis/1244662163084411040.png",
    "animated": false
  },
  {
    "id": "1244662321113202698",
    "name": "6_elite",
    "url": "https://cdn.discordapp.com/emojis/1244662321113202698.png",
    "animated": false
  },
  {
    "id": "1244662509676527658",
    "name": "cat_wink",
    "url": "https://cdn.discordapp.com/emojis/1244662509676527658.png",
    "animated": false
  },
  {
    "id": "1244662809103433869",
    "name": "72_smug",
    "url": "https://cdn.discordapp.com/emojis/1244662809103433869.png",
    "animated": false
  },
  {
    "id": "1244665341989093487",
    "name": "1_1xb_cry",
    "url": "https://cdn.discordapp.com/emojis/1244665341989093487.png",
    "animated": false
  },
  {
    "id": "1244672774388187267",
    "name": "91_sadpanda",
    "url": "https://cdn.discordapp.com/emojis/1244672774388187267.png",
    "animated": false
  },
  {
    "id": "1244673061161140304",
    "name": "4_piplup_sad",
    "url": "https://cdn.discordapp.com/emojis/1244673061161140304.png",
    "animated": false
  },
  {
    "id": "1244696026816843885",
    "name": "8_blink",
    "url": "https://cdn.discordapp.com/emojis/1244696026816843885.png",
    "animated": false
  },
  {
    "id": "1244696608931840041",
    "name": "91_zx_blblbl",
    "url": "https://cdn.discordapp.com/emojis/1244696608931840041.png",
    "animated": false
  },
  {
    "id": "1244697265977954458",
    "name": "1_blush",
    "url": "https://cdn.discordapp.com/emojis/1244697265977954458.png",
    "animated": false
  },
  {
    "id": "1244697826336702554",
    "name": "3_sad",
    "url": "https://cdn.discordapp.com/emojis/1244697826336702554.png",
    "animated": false
  },
  {
    "id": "1244698005148536832",
    "name": "3_love",
    "url": "https://cdn.discordapp.com/emojis/1244698005148536832.png",
    "animated": false
  },
  {
    "id": "1244698701734346883",
    "name": "1_1xb_hehe",
    "url": "https://cdn.discordapp.com/emojis/1244698701734346883.png",
    "animated": false
  },
  {
    "id": "1244699286705274942",
    "name": "6_pika_hug",
    "url": "https://cdn.discordapp.com/emojis/1244699286705274942.png",
    "animated": false
  },
  {
    "id": "1244699613005611121",
    "name": "6_ika_goofy",
    "url": "https://cdn.discordapp.com/emojis/1244699613005611121.png",
    "animated": false
  },
  {
    "id": "1244699925212565594",
    "name": "7_culaaum",
    "url": "https://cdn.discordapp.com/emojis/1244699925212565594.png",
    "animated": false
  },
  {
    "id": "1244700473303371776",
    "name": "6_Pika_Cry",
    "url": "https://cdn.discordapp.com/emojis/1244700473303371776.png",
    "animated": false
  },
  {
    "id": "1244714322471551011",
    "name": "1_1xa_fight",
    "url": "https://cdn.discordapp.com/emojis/1244714322471551011.png",
    "animated": false
  },
  {
    "id": "1244716268981059708",
    "name": "1_1xa_fall",
    "url": "https://cdn.discordapp.com/emojis/1244716268981059708.png",
    "animated": false
  },
  {
    "id": "1244725298923311114",
    "name": "2_1gun",
    "url": "https://cdn.discordapp.com/emojis/1244725298923311114.png",
    "animated": false
  },
  {
    "id": "1244731501455872082",
    "name": "2_amongus_heart",
    "url": "https://cdn.discordapp.com/emojis/1244731501455872082.png",
    "animated": false
  },
  {
    "id": "1244731670528262214",
    "name": "2_1ecto",
    "url": "https://cdn.discordapp.com/emojis/1244731670528262214.png",
    "animated": false
  },
  {
    "id": "1244731943279661277",
    "name": "2_1rose",
    "url": "https://cdn.discordapp.com/emojis/1244731943279661277.png",
    "animated": false
  },
  {
    "id": "1244732432377188448",
    "name": "2_1zgengar",
    "url": "https://cdn.discordapp.com/emojis/1244732432377188448.png",
    "animated": false
  },
  {
    "id": "1244732881889136720",
    "name": "2_1star",
    "url": "https://cdn.discordapp.com/emojis/1244732881889136720.png",
    "animated": false
  },
  {
    "id": "1244733310832218263",
    "name": "2_1playboy",
    "url": "https://cdn.discordapp.com/emojis/1244733310832218263.png",
    "animated": false
  },
  {
    "id": "1244733546317353101",
    "name": "2_1smile",
    "url": "https://cdn.discordapp.com/emojis/1244733546317353101.png",
    "animated": false
  },
  {
    "id": "1244733980239200286",
    "name": "2_1devil",
    "url": "https://cdn.discordapp.com/emojis/1244733980239200286.png",
    "animated": false
  },
  {
    "id": "1244735101657419824",
    "name": "1_1spider",
    "url": "https://cdn.discordapp.com/emojis/1244735101657419824.png",
    "animated": false
  },
  {
    "id": "1244737050654146591",
    "name": "1_1toxic",
    "url": "https://cdn.discordapp.com/emojis/1244737050654146591.png",
    "animated": false
  },
  {
    "id": "1244737928454865028",
    "name": "1_1xans",
    "url": "https://cdn.discordapp.com/emojis/1244737928454865028.png",
    "animated": false
  },
  {
    "id": "1244738085674160228",
    "name": "1_1spider",
    "url": "https://cdn.discordapp.com/emojis/1244738085674160228.png",
    "animated": false
  },
  {
    "id": "1244739231859867782",
    "name": "4_1cat",
    "url": "https://cdn.discordapp.com/emojis/1244739231859867782.png",
    "animated": false
  },
  {
    "id": "1244739622295179305",
    "name": "8_1hello_kitty",
    "url": "https://cdn.discordapp.com/emojis/1244739622295179305.png",
    "animated": false
  },
  {
    "id": "1244739726314049578",
    "name": "8_1star",
    "url": "https://cdn.discordapp.com/emojis/1244739726314049578.png",
    "animated": false
  },
  {
    "id": "1244740018698846258",
    "name": "8_ab_love",
    "url": "https://cdn.discordapp.com/emojis/1244740018698846258.png",
    "animated": false
  },
  {
    "id": "1244740241206542394",
    "name": "8_1flower",
    "url": "https://cdn.discordapp.com/emojis/1244740241206542394.png",
    "animated": false
  },
  {
    "id": "1244740609667895388",
    "name": "8_ab_angry",
    "url": "https://cdn.discordapp.com/emojis/1244740609667895388.png",
    "animated": false
  },
  {
    "id": "1244740941588205710",
    "name": "8_1strawberry",
    "url": "https://cdn.discordapp.com/emojis/1244740941588205710.png",
    "animated": false
  },
  {
    "id": "1244741697133478012",
    "name": "8_ab_wave",
    "url": "https://cdn.discordapp.com/emojis/1244741697133478012.png",
    "animated": false
  },
  {
    "id": "1244742169336741980",
    "name": "8_shy",
    "url": "https://cdn.discordapp.com/emojis/1244742169336741980.png",
    "animated": false
  },
  {
    "id": "1244742410525737050",
    "name": "8_1butterfly",
    "url": "https://cdn.discordapp.com/emojis/1244742410525737050.png",
    "animated": false
  },
  {
    "id": "1244947486896816189",
    "name": "8_sip",
    "url": "https://cdn.discordapp.com/emojis/1244947486896816189.png",
    "animated": false
  },
  {
    "id": "1244948179456229487",
    "name": "72_1flower",
    "url": "https://cdn.discordapp.com/emojis/1244948179456229487.png",
    "animated": false
  },
  {
    "id": "1244948252424667176",
    "name": "72_1star",
    "url": "https://cdn.discordapp.com/emojis/1244948252424667176.png",
    "animated": false
  },
  {
    "id": "1244948981600223233",
    "name": "72_1cutetext",
    "url": "https://cdn.discordapp.com/emojis/1244948981600223233.png",
    "animated": false
  },
  {
    "id": "1244953066801860628",
    "name": "91_girl_crown",
    "url": "https://cdn.discordapp.com/emojis/1244953066801860628.png",
    "animated": false
  },
  {
    "id": "1244991305071857670",
    "name": "2_black_spider",
    "url": "https://cdn.discordapp.com/emojis/1244991305071857670.png",
    "animated": false
  },
  {
    "id": "1244993491482706011",
    "name": "6_pikalol",
    "url": "https://cdn.discordapp.com/emojis/1244993491482706011.gif",
    "animated": true
  },
  {
    "id": "1244995057400942672",
    "name": "sigma",
    "url": "https://cdn.discordapp.com/emojis/1244995057400942672.gif",
    "animated": true
  },
  {
    "id": "1244995282987651082",
    "name": "1_gojo_nice",
    "url": "https://cdn.discordapp.com/emojis/1244995282987651082.png",
    "animated": false
  },
  {
    "id": "1244995439388786708",
    "name": "72_darkness",
    "url": "https://cdn.discordapp.com/emojis/1244995439388786708.gif",
    "animated": true
  },
  {
    "id": "1244996494013108325",
    "name": "kiss",
    "url": "https://cdn.discordapp.com/emojis/1244996494013108325.gif",
    "animated": true
  },
  {
    "id": "1244996554637443175",
    "name": "heart1",
    "url": "https://cdn.discordapp.com/emojis/1244996554637443175.gif",
    "animated": true
  },
  {
    "id": "1244996604063125554",
    "name": "6_coolpikachu",
    "url": "https://cdn.discordapp.com/emojis/1244996604063125554.gif",
    "animated": true
  },
  {
    "id": "1244996703845748797",
    "name": "dancing",
    "url": "https://cdn.discordapp.com/emojis/1244996703845748797.gif",
    "animated": true
  },
  {
    "id": "1244997088006246443",
    "name": "4_dance",
    "url": "https://cdn.discordapp.com/emojis/1244997088006246443.gif",
    "animated": true
  },
  {
    "id": "1244997368680808509",
    "name": "Memes_excuse_me",
    "url": "https://cdn.discordapp.com/emojis/1244997368680808509.gif",
    "animated": true
  },
  {
    "id": "1244997976623939655",
    "name": "6761zerotwoclapping",
    "url": "https://cdn.discordapp.com/emojis/1244997976623939655.gif",
    "animated": true
  },
  {
    "id": "1244998849723105411",
    "name": "1_GojoLove",
    "url": "https://cdn.discordapp.com/emojis/1244998849723105411.png",
    "animated": false
  },
  {
    "id": "1244999136177029174",
    "name": "4_Giyuu_Love",
    "url": "https://cdn.discordapp.com/emojis/1244999136177029174.png",
    "animated": false
  },
  {
    "id": "1244999733353910444",
    "name": "8_yuji_good",
    "url": "https://cdn.discordapp.com/emojis/1244999733353910444.png",
    "animated": false
  },
  {
    "id": "1244999881857433711",
    "name": "6_pika_love",
    "url": "https://cdn.discordapp.com/emojis/1244999881857433711.png",
    "animated": false
  },
  {
    "id": "1245000916478988389",
    "name": "91_hihi",
    "url": "https://cdn.discordapp.com/emojis/1245000916478988389.png",
    "animated": false
  },
  {
    "id": "1245001436555903057",
    "name": "thinkpat",
    "url": "https://cdn.discordapp.com/emojis/1245001436555903057.png",
    "animated": false
  },
  {
    "id": "1245002014421942402",
    "name": "1_paimonsmug",
    "url": "https://cdn.discordapp.com/emojis/1245002014421942402.png",
    "animated": false
  },
  {
    "id": "1245002459521355828",
    "name": "1_xb_eheh",
    "url": "https://cdn.discordapp.com/emojis/1245002459521355828.png",
    "animated": false
  },
  {
    "id": "1245041559192338552",
    "name": "1_xsad",
    "url": "https://cdn.discordapp.com/emojis/1245041559192338552.png",
    "animated": false
  },
  {
    "id": "1245428798640492594",
    "name": "8_sansvoix",
    "url": "https://cdn.discordapp.com/emojis/1245428798640492594.png",
    "animated": false
  },
  {
    "id": "1245428949849215032",
    "name": "2_Krokmou",
    "url": "https://cdn.discordapp.com/emojis/1245428949849215032.gif",
    "animated": true
  },
  {
    "id": "1245429150907498530",
    "name": "8_leave",
    "url": "https://cdn.discordapp.com/emojis/1245429150907498530.gif",
    "animated": true
  },
  {
    "id": "1245436911611416666",
    "name": "5_Pepe_cry",
    "url": "https://cdn.discordapp.com/emojis/1245436911611416666.png",
    "animated": false
  },
  {
    "id": "1245759432344993924",
    "name": "8_piou",
    "url": "https://cdn.discordapp.com/emojis/1245759432344993924.png",
    "animated": false
  },
  {
    "id": "1245842406864195665",
    "name": "6_1star",
    "url": "https://cdn.discordapp.com/emojis/1245842406864195665.png",
    "animated": false
  },
  {
    "id": "1245843735351267379",
    "name": "72_1ribbon",
    "url": "https://cdn.discordapp.com/emojis/1245843735351267379.png",
    "animated": false
  },
  {
    "id": "1245844080299212802",
    "name": "72_knife",
    "url": "https://cdn.discordapp.com/emojis/1245844080299212802.png",
    "animated": false
  },
  {
    "id": "1245844430204964925",
    "name": "72_hello_kitty",
    "url": "https://cdn.discordapp.com/emojis/1245844430204964925.png",
    "animated": false
  },
  {
    "id": "1245845088215629938",
    "name": "2_nahh",
    "url": "https://cdn.discordapp.com/emojis/1245845088215629938.png",
    "animated": false
  },
  {
    "id": "1246033353208233984",
    "name": "91_emoji_434",
    "url": "https://cdn.discordapp.com/emojis/1246033353208233984.png",
    "animated": false
  },
  {
    "id": "1246033661619605525",
    "name": "2_1death_note",
    "url": "https://cdn.discordapp.com/emojis/1246033661619605525.png",
    "animated": false
  },
  {
    "id": "1246033876774817843",
    "name": "8_Light",
    "url": "https://cdn.discordapp.com/emojis/1246033876774817843.png",
    "animated": false
  },
  {
    "id": "1246034111987191838",
    "name": "Cat_stupid",
    "url": "https://cdn.discordapp.com/emojis/1246034111987191838.png",
    "animated": false
  },
  {
    "id": "1246034776721199124",
    "name": "1_woah",
    "url": "https://cdn.discordapp.com/emojis/1246034776721199124.png",
    "animated": false
  },
  {
    "id": "1246034934595063951",
    "name": "8_please",
    "url": "https://cdn.discordapp.com/emojis/1246034934595063951.png",
    "animated": false
  },
  {
    "id": "1246035053826543626",
    "name": "4_FBI",
    "url": "https://cdn.discordapp.com/emojis/1246035053826543626.png",
    "animated": false
  },
  {
    "id": "1246035491900358747",
    "name": "6_pika_drink",
    "url": "https://cdn.discordapp.com/emojis/1246035491900358747.png",
    "animated": false
  },
  {
    "id": "1246040026790494208",
    "name": "cat_cool",
    "url": "https://cdn.discordapp.com/emojis/1246040026790494208.png",
    "animated": false
  },
  {
    "id": "1246040852363481140",
    "name": "3_devil",
    "url": "https://cdn.discordapp.com/emojis/1246040852363481140.png",
    "animated": false
  },
  {
    "id": "1246041003744428092",
    "name": "Cat_ohh",
    "url": "https://cdn.discordapp.com/emojis/1246041003744428092.png",
    "animated": false
  },
  {
    "id": "1246041101144690790",
    "name": "1_think",
    "url": "https://cdn.discordapp.com/emojis/1246041101144690790.png",
    "animated": false
  },
  {
    "id": "1246041214118264905",
    "name": "Memes_oula",
    "url": "https://cdn.discordapp.com/emojis/1246041214118264905.png",
    "animated": false
  },
  {
    "id": "1246041382288883732",
    "name": "pouetidepoueto",
    "url": "https://cdn.discordapp.com/emojis/1246041382288883732.png",
    "animated": false
  },
  {
    "id": "1246041546399416320",
    "name": "Memes_tchip",
    "url": "https://cdn.discordapp.com/emojis/1246041546399416320.png",
    "animated": false
  },
  {
    "id": "1246041722392285234",
    "name": "1_gojothumbsup",
    "url": "https://cdn.discordapp.com/emojis/1246041722392285234.png",
    "animated": false
  },
  {
    "id": "1246042149552787500",
    "name": "1_gojowoah",
    "url": "https://cdn.discordapp.com/emojis/1246042149552787500.png",
    "animated": false
  },
  {
    "id": "1246042472610529291",
    "name": "8_gokugun",
    "url": "https://cdn.discordapp.com/emojis/1246042472610529291.png",
    "animated": false
  },
  {
    "id": "1246042820486103091",
    "name": "8_stupid",
    "url": "https://cdn.discordapp.com/emojis/1246042820486103091.png",
    "animated": false
  },
  {
    "id": "1246043336578695178",
    "name": "4_1ileri",
    "url": "https://cdn.discordapp.com/emojis/1246043336578695178.png",
    "animated": false
  },
  {
    "id": "1246043450667962388",
    "name": "6_sadpichu",
    "url": "https://cdn.discordapp.com/emojis/1246043450667962388.png",
    "animated": false
  },
  {
    "id": "1246044487319556246",
    "name": "1_1xa_love",
    "url": "https://cdn.discordapp.com/emojis/1246044487319556246.png",
    "animated": false
  },
  {
    "id": "1246044676729999379",
    "name": "91_anya_dead_",
    "url": "https://cdn.discordapp.com/emojis/1246044676729999379.png",
    "animated": false
  },
  {
    "id": "1246045498570444831",
    "name": "cat_nerd",
    "url": "https://cdn.discordapp.com/emojis/1246045498570444831.png",
    "animated": false
  },
  {
    "id": "1246045991862407209",
    "name": "72_heartanimegirl",
    "url": "https://cdn.discordapp.com/emojis/1246045991862407209.png",
    "animated": false
  },
  {
    "id": "1246046099551162462",
    "name": "72_anya_",
    "url": "https://cdn.discordapp.com/emojis/1246046099551162462.png",
    "animated": false
  },
  {
    "id": "1246046266929188897",
    "name": "Memes_sus",
    "url": "https://cdn.discordapp.com/emojis/1246046266929188897.gif",
    "animated": true
  },
  {
    "id": "1246046495854301224",
    "name": "2_Krokmou",
    "url": "https://cdn.discordapp.com/emojis/1246046495854301224.gif",
    "animated": true
  },
  {
    "id": "1246046649521012839",
    "name": "8_Panda_Rage",
    "url": "https://cdn.discordapp.com/emojis/1246046649521012839.gif",
    "animated": true
  },
  {
    "id": "1246046958313930756",
    "name": "2_Krokmou2",
    "url": "https://cdn.discordapp.com/emojis/1246046958313930756.gif",
    "animated": true
  },
  {
    "id": "1246047352704466955",
    "name": "2_Krokmou6",
    "url": "https://cdn.discordapp.com/emojis/1246047352704466955.gif",
    "animated": true
  },
  {
    "id": "1246047542995583046",
    "name": "91_Welcome",
    "url": "https://cdn.discordapp.com/emojis/1246047542995583046.png",
    "animated": false
  },
  {
    "id": "1246050289665183856",
    "name": "72_hum",
    "url": "https://cdn.discordapp.com/emojis/1246050289665183856.png",
    "animated": false
  },
  {
    "id": "1246056379022839900",
    "name": "2_gigachadeyes",
    "url": "https://cdn.discordapp.com/emojis/1246056379022839900.png",
    "animated": false
  },
  {
    "id": "1246056866124140609",
    "name": "2_Itachi_Kek",
    "url": "https://cdn.discordapp.com/emojis/1246056866124140609.png",
    "animated": false
  },
  {
    "id": "1246056977872720014",
    "name": "91_sadness",
    "url": "https://cdn.discordapp.com/emojis/1246056977872720014.png",
    "animated": false
  },
  {
    "id": "1246057131950608425",
    "name": "1_wolf_sip",
    "url": "https://cdn.discordapp.com/emojis/1246057131950608425.png",
    "animated": false
  },
  {
    "id": "1246057301476118600",
    "name": "91_animeHug",
    "url": "https://cdn.discordapp.com/emojis/1246057301476118600.png",
    "animated": false
  },
  {
    "id": "1246059636751204373",
    "name": "72_boude",
    "url": "https://cdn.discordapp.com/emojis/1246059636751204373.png",
    "animated": false
  },
  {
    "id": "1246060478518657085",
    "name": "5_heart",
    "url": "https://cdn.discordapp.com/emojis/1246060478518657085.png",
    "animated": false
  },
  {
    "id": "1246060578615857172",
    "name": "4_cry",
    "url": "https://cdn.discordapp.com/emojis/1246060578615857172.png",
    "animated": false
  },
  {
    "id": "1246060756043304960",
    "name": "4_1star",
    "url": "https://cdn.discordapp.com/emojis/1246060756043304960.png",
    "animated": false
  },
  {
    "id": "1246060928018157598",
    "name": "4_wha_xmas",
    "url": "https://cdn.discordapp.com/emojis/1246060928018157598.png",
    "animated": false
  },
  {
    "id": "1246061038445531180",
    "name": "72_cat_girl",
    "url": "https://cdn.discordapp.com/emojis/1246061038445531180.png",
    "animated": false
  },
  {
    "id": "1246410770753781890",
    "name": "1_13three",
    "url": "https://cdn.discordapp.com/emojis/1246410770753781890.png",
    "animated": false
  },
  {
    "id": "1246782367809404978",
    "name": "5_1ghilplant",
    "url": "https://cdn.discordapp.com/emojis/1246782367809404978.gif",
    "animated": true
  },
  {
    "id": "1246783376246177872",
    "name": "1_2kill_me",
    "url": "https://cdn.discordapp.com/emojis/1246783376246177872.png",
    "animated": false
  },
  {
    "id": "1247243619182579772",
    "name": "1_2huh_tired",
    "url": "https://cdn.discordapp.com/emojis/1247243619182579772.png",
    "animated": false
  },
  {
    "id": "1247862931480383509",
    "name": "5_1Alien_dance",
    "url": "https://cdn.discordapp.com/emojis/1247862931480383509.gif",
    "animated": true
  },
  {
    "id": "1247868078356697159",
    "name": "2_Krokmou2",
    "url": "https://cdn.discordapp.com/emojis/1247868078356697159.gif",
    "animated": true
  },
  {
    "id": "1247868191506432000",
    "name": "cryhamster",
    "url": "https://cdn.discordapp.com/emojis/1247868191506432000.gif",
    "animated": true
  },
  {
    "id": "1247868512806895638",
    "name": "2_Krokmou3",
    "url": "https://cdn.discordapp.com/emojis/1247868512806895638.gif",
    "animated": true
  },
  {
    "id": "1247868632562667571",
    "name": "8_PatPat",
    "url": "https://cdn.discordapp.com/emojis/1247868632562667571.gif",
    "animated": true
  },
  {
    "id": "1247868871994507298",
    "name": "4_bugcat",
    "url": "https://cdn.discordapp.com/emojis/1247868871994507298.gif",
    "animated": true
  },
  {
    "id": "1247869012638171187",
    "name": "2_Krokmou4",
    "url": "https://cdn.discordapp.com/emojis/1247869012638171187.gif",
    "animated": true
  },
  {
    "id": "1247869152362762291",
    "name": "2_Krokmou5",
    "url": "https://cdn.discordapp.com/emojis/1247869152362762291.gif",
    "animated": true
  },
  {
    "id": "1247869620971638876",
    "name": "4_1stitch_love",
    "url": "https://cdn.discordapp.com/emojis/1247869620971638876.gif",
    "animated": true
  },
  {
    "id": "1247869851008106517",
    "name": "2_light_",
    "url": "https://cdn.discordapp.com/emojis/1247869851008106517.gif",
    "animated": true
  },
  {
    "id": "1247869984567464057",
    "name": "Cat_bwabwa",
    "url": "https://cdn.discordapp.com/emojis/1247869984567464057.gif",
    "animated": true
  },
  {
    "id": "1247870082181496843",
    "name": "2_1Staff",
    "url": "https://cdn.discordapp.com/emojis/1247870082181496843.gif",
    "animated": true
  },
  {
    "id": "1247870276184576021",
    "name": "2_1ryuk",
    "url": "https://cdn.discordapp.com/emojis/1247870276184576021.gif",
    "animated": true
  },
  {
    "id": "1247870443583574078",
    "name": "4_peppodance",
    "url": "https://cdn.discordapp.com/emojis/1247870443583574078.gif",
    "animated": true
  },
  {
    "id": "1247870683925450823",
    "name": "Memes_running",
    "url": "https://cdn.discordapp.com/emojis/1247870683925450823.gif",
    "animated": true
  },
  {
    "id": "1247871102555000964",
    "name": "BabyYodaSip",
    "url": "https://cdn.discordapp.com/emojis/1247871102555000964.gif",
    "animated": true
  },
  {
    "id": "1247871372911443970",
    "name": "1_blush",
    "url": "https://cdn.discordapp.com/emojis/1247871372911443970.gif",
    "animated": true
  },
  {
    "id": "1247872015189278751",
    "name": "Cat_HUH",
    "url": "https://cdn.discordapp.com/emojis/1247872015189278751.gif",
    "animated": true
  },
  {
    "id": "1247872220487745576",
    "name": "2_drinking",
    "url": "https://cdn.discordapp.com/emojis/1247872220487745576.gif",
    "animated": true
  },
  {
    "id": "1247872900753657907",
    "name": "1_miam",
    "url": "https://cdn.discordapp.com/emojis/1247872900753657907.gif",
    "animated": true
  },
  {
    "id": "1247872998837321771",
    "name": "Memes_hehe",
    "url": "https://cdn.discordapp.com/emojis/1247872998837321771.gif",
    "animated": true
  },
  {
    "id": "1247873303134339112",
    "name": "2_Boy_Blush",
    "url": "https://cdn.discordapp.com/emojis/1247873303134339112.gif",
    "animated": true
  },
  {
    "id": "1247873453416120351",
    "name": "8_1heartgif",
    "url": "https://cdn.discordapp.com/emojis/1247873453416120351.gif",
    "animated": true
  },
  {
    "id": "1247873844207812730",
    "name": "2_1blxck_heart",
    "url": "https://cdn.discordapp.com/emojis/1247873844207812730.gif",
    "animated": true
  },
  {
    "id": "1247874393896386641",
    "name": "72_1arrowr",
    "url": "https://cdn.discordapp.com/emojis/1247874393896386641.gif",
    "animated": true
  },
  {
    "id": "1247875076003463199",
    "name": "2_1qtp_king",
    "url": "https://cdn.discordapp.com/emojis/1247875076003463199.gif",
    "animated": true
  },
  {
    "id": "1247875372763185232",
    "name": "91_Hi",
    "url": "https://cdn.discordapp.com/emojis/1247875372763185232.gif",
    "animated": true
  },
  {
    "id": "1247875621669961820",
    "name": "4_1spinheartblue",
    "url": "https://cdn.discordapp.com/emojis/1247875621669961820.gif",
    "animated": true
  },
  {
    "id": "1247875738615545946",
    "name": "2_1nska",
    "url": "https://cdn.discordapp.com/emojis/1247875738615545946.gif",
    "animated": true
  },
  {
    "id": "1247875858375376947",
    "name": "91_dfdf",
    "url": "https://cdn.discordapp.com/emojis/1247875858375376947.gif",
    "animated": true
  },
  {
    "id": "1247875989074088019",
    "name": "1_1sparkles",
    "url": "https://cdn.discordapp.com/emojis/1247875989074088019.gif",
    "animated": true
  },
  {
    "id": "1247876170272473199",
    "name": "72_1pinkhearts",
    "url": "https://cdn.discordapp.com/emojis/1247876170272473199.gif",
    "animated": true
  },
  {
    "id": "1247876450263236669",
    "name": "1_1whitehearts",
    "url": "https://cdn.discordapp.com/emojis/1247876450263236669.gif",
    "animated": true
  },
  {
    "id": "1247877043148947476",
    "name": "2_1black_heart",
    "url": "https://cdn.discordapp.com/emojis/1247877043148947476.gif",
    "animated": true
  },
  {
    "id": "1247878021705240629",
    "name": "1_1morcego",
    "url": "https://cdn.discordapp.com/emojis/1247878021705240629.gif",
    "animated": true
  },
  {
    "id": "1247878137530810459",
    "name": "1_1hearts",
    "url": "https://cdn.discordapp.com/emojis/1247878137530810459.gif",
    "animated": true
  },
  {
    "id": "1247878260004749315",
    "name": "1_1skull_dance",
    "url": "https://cdn.discordapp.com/emojis/1247878260004749315.gif",
    "animated": true
  },
  {
    "id": "1247879019018326066",
    "name": "6_1spinheartyellow",
    "url": "https://cdn.discordapp.com/emojis/1247879019018326066.gif",
    "animated": true
  },
  {
    "id": "1247879164951003177",
    "name": "1_1whiteheart",
    "url": "https://cdn.discordapp.com/emojis/1247879164951003177.gif",
    "animated": true
  },
  {
    "id": "1247879396925378579",
    "name": "6_1Ghost",
    "url": "https://cdn.discordapp.com/emojis/1247879396925378579.gif",
    "animated": true
  },
  {
    "id": "1247879569776705548",
    "name": "2_1world",
    "url": "https://cdn.discordapp.com/emojis/1247879569776705548.gif",
    "animated": true
  },
  {
    "id": "1247880189762076672",
    "name": "2_1bolt",
    "url": "https://cdn.discordapp.com/emojis/1247880189762076672.gif",
    "animated": true
  },
  {
    "id": "1247880322247557201",
    "name": "2_1cat",
    "url": "https://cdn.discordapp.com/emojis/1247880322247557201.gif",
    "animated": true
  },
  {
    "id": "1247880601420169227",
    "name": "2_1rose",
    "url": "https://cdn.discordapp.com/emojis/1247880601420169227.gif",
    "animated": true
  },
  {
    "id": "1247880696530337843",
    "name": "2_1skull",
    "url": "https://cdn.discordapp.com/emojis/1247880696530337843.gif",
    "animated": true
  },
  {
    "id": "1247881284076699678",
    "name": "91_chipichipi",
    "url": "https://cdn.discordapp.com/emojis/1247881284076699678.gif",
    "animated": true
  },
  {
    "id": "1247882281708814366",
    "name": "8_nono",
    "url": "https://cdn.discordapp.com/emojis/1247882281708814366.gif",
    "animated": true
  },
  {
    "id": "1247882610378539038",
    "name": "6_AI_toad_",
    "url": "https://cdn.discordapp.com/emojis/1247882610378539038.gif",
    "animated": true
  },
  {
    "id": "1247882764405964880",
    "name": "8_Mario_Shuffle",
    "url": "https://cdn.discordapp.com/emojis/1247882764405964880.gif",
    "animated": true
  },
  {
    "id": "1247883109043535883",
    "name": "1_rat",
    "url": "https://cdn.discordapp.com/emojis/1247883109043535883.gif",
    "animated": true
  },
  {
    "id": "1247883512217075782",
    "name": "6_winnie",
    "url": "https://cdn.discordapp.com/emojis/1247883512217075782.gif",
    "animated": true
  },
  {
    "id": "1247883820854935653",
    "name": "1_1xa_kill",
    "url": "https://cdn.discordapp.com/emojis/1247883820854935653.gif",
    "animated": true
  },
  {
    "id": "1247884490945069148",
    "name": "1_punishment",
    "url": "https://cdn.discordapp.com/emojis/1247884490945069148.gif",
    "animated": true
  },
  {
    "id": "1247891959100477521",
    "name": "2_1smoke",
    "url": "https://cdn.discordapp.com/emojis/1247891959100477521.gif",
    "animated": true
  },
  {
    "id": "1247892192169693234",
    "name": "2_1bats",
    "url": "https://cdn.discordapp.com/emojis/1247892192169693234.gif",
    "animated": true
  },
  {
    "id": "1247892373783183360",
    "name": "2_1cross",
    "url": "https://cdn.discordapp.com/emojis/1247892373783183360.gif",
    "animated": true
  },
  {
    "id": "1247892550598004846",
    "name": "2_cat",
    "url": "https://cdn.discordapp.com/emojis/1247892550598004846.gif",
    "animated": true
  },
  {
    "id": "1247892656835526739",
    "name": "72_pigdance",
    "url": "https://cdn.discordapp.com/emojis/1247892656835526739.gif",
    "animated": true
  },
  {
    "id": "1247900734679420940",
    "name": "4_1waves",
    "url": "https://cdn.discordapp.com/emojis/1247900734679420940.gif",
    "animated": true
  },
  {
    "id": "1247900813259575401",
    "name": "2_kiss",
    "url": "https://cdn.discordapp.com/emojis/1247900813259575401.gif",
    "animated": true
  },
  {
    "id": "1247901188847042614",
    "name": "8_1rose",
    "url": "https://cdn.discordapp.com/emojis/1247901188847042614.gif",
    "animated": true
  },
  {
    "id": "1247903557085171762",
    "name": "4_Bunny",
    "url": "https://cdn.discordapp.com/emojis/1247903557085171762.gif",
    "animated": true
  },
  {
    "id": "1247903727541813359",
    "name": "2_1blackheart",
    "url": "https://cdn.discordapp.com/emojis/1247903727541813359.gif",
    "animated": true
  },
  {
    "id": "1247903955456098314",
    "name": "3_1butterfly_2",
    "url": "https://cdn.discordapp.com/emojis/1247903955456098314.gif",
    "animated": true
  },
  {
    "id": "1247904126306881609",
    "name": "8_1rose",
    "url": "https://cdn.discordapp.com/emojis/1247904126306881609.gif",
    "animated": true
  },
  {
    "id": "1247926530902851614",
    "name": "8_1butterfly",
    "url": "https://cdn.discordapp.com/emojis/1247926530902851614.gif",
    "animated": true
  },
  {
    "id": "1247926680211685396",
    "name": "91_jenote",
    "url": "https://cdn.discordapp.com/emojis/1247926680211685396.gif",
    "animated": true
  },
  {
    "id": "1247932365553139822",
    "name": "5_frog_sip",
    "url": "https://cdn.discordapp.com/emojis/1247932365553139822.png",
    "animated": false
  },
  {
    "id": "1247932508629237860",
    "name": "4_lovede",
    "url": "https://cdn.discordapp.com/emojis/1247932508629237860.png",
    "animated": false
  },
  {
    "id": "1247932630742077633",
    "name": "6_pika_heart",
    "url": "https://cdn.discordapp.com/emojis/1247932630742077633.png",
    "animated": false
  },
  {
    "id": "1247933180766588938",
    "name": "2_anonymous",
    "url": "https://cdn.discordapp.com/emojis/1247933180766588938.png",
    "animated": false
  },
  {
    "id": "1247933307325517886",
    "name": "4_sip",
    "url": "https://cdn.discordapp.com/emojis/1247933307325517886.png",
    "animated": false
  },
  {
    "id": "1247933415446151188",
    "name": "8_cry",
    "url": "https://cdn.discordapp.com/emojis/1247933415446151188.png",
    "animated": false
  },
  {
    "id": "1247933641934241845",
    "name": "8_1notification",
    "url": "https://cdn.discordapp.com/emojis/1247933641934241845.gif",
    "animated": true
  },
  {
    "id": "1247933843256770580",
    "name": "8_1neonheart",
    "url": "https://cdn.discordapp.com/emojis/1247933843256770580.gif",
    "animated": true
  },
  {
    "id": "1247933968012283925",
    "name": "8_1sparkles",
    "url": "https://cdn.discordapp.com/emojis/1247933968012283925.gif",
    "animated": true
  },
  {
    "id": "1247934081719734342",
    "name": "8_1world",
    "url": "https://cdn.discordapp.com/emojis/1247934081719734342.gif",
    "animated": true
  },
  {
    "id": "1247934441435824168",
    "name": "8_1nike",
    "url": "https://cdn.discordapp.com/emojis/1247934441435824168.gif",
    "animated": true
  },
  {
    "id": "1247934580871401643",
    "name": "8_1Butterfly",
    "url": "https://cdn.discordapp.com/emojis/1247934580871401643.gif",
    "animated": true
  },
  {
    "id": "1247934879912689684",
    "name": "8_1heart",
    "url": "https://cdn.discordapp.com/emojis/1247934879912689684.gif",
    "animated": true
  },
  {
    "id": "1247934987437867060",
    "name": "4_kiss",
    "url": "https://cdn.discordapp.com/emojis/1247934987437867060.gif",
    "animated": true
  },
  {
    "id": "1247935113220587632",
    "name": "4_bug",
    "url": "https://cdn.discordapp.com/emojis/1247935113220587632.gif",
    "animated": true
  },
  {
    "id": "1248047957358542933",
    "name": "1_2loveyou",
    "url": "https://cdn.discordapp.com/emojis/1248047957358542933.png",
    "animated": false
  },
  {
    "id": "1248379641434210316",
    "name": "1_1xa_battle",
    "url": "https://cdn.discordapp.com/emojis/1248379641434210316.png",
    "animated": false
  },
  {
    "id": "1248616118353133620",
    "name": "1_2Anime_Sip",
    "url": "https://cdn.discordapp.com/emojis/1248616118353133620.png",
    "animated": false
  },
  {
    "id": "1248616435291390054",
    "name": "91_nails_umm",
    "url": "https://cdn.discordapp.com/emojis/1248616435291390054.gif",
    "animated": true
  },
  {
    "id": "1248616845334806529",
    "name": "2_1black_batman",
    "url": "https://cdn.discordapp.com/emojis/1248616845334806529.gif",
    "animated": true
  },
  {
    "id": "1248617331576410124",
    "name": "2_1black_crown",
    "url": "https://cdn.discordapp.com/emojis/1248617331576410124.gif",
    "animated": true
  },
  {
    "id": "1248617813812445285",
    "name": "2_1floating_hearts",
    "url": "https://cdn.discordapp.com/emojis/1248617813812445285.gif",
    "animated": true
  },
  {
    "id": "1248930958141558806",
    "name": "1_16six",
    "url": "https://cdn.discordapp.com/emojis/1248930958141558806.png",
    "animated": false
  },
  {
    "id": "1250031949427376179",
    "name": "Cat_yes",
    "url": "https://cdn.discordapp.com/emojis/1250031949427376179.gif",
    "animated": true
  },
  {
    "id": "1252318276394946690",
    "name": "2_1heart",
    "url": "https://cdn.discordapp.com/emojis/1252318276394946690.png",
    "animated": false
  },
  {
    "id": "1252621420580704327",
    "name": "1_1heart",
    "url": "https://cdn.discordapp.com/emojis/1252621420580704327.png",
    "animated": false
  },
  {
    "id": "1253015332269064292",
    "name": "7_1heart",
    "url": "https://cdn.discordapp.com/emojis/1253015332269064292.png",
    "animated": false
  },
  {
    "id": "1253018605185142856",
    "name": "4_1heart",
    "url": "https://cdn.discordapp.com/emojis/1253018605185142856.png",
    "animated": false
  },
  {
    "id": "1253026260125356144",
    "name": "4_1heart",
    "url": "https://cdn.discordapp.com/emojis/1253026260125356144.png",
    "animated": false
  },
  {
    "id": "1253030544208302111",
    "name": "6_1heart",
    "url": "https://cdn.discordapp.com/emojis/1253030544208302111.png",
    "animated": false
  },
  {
    "id": "1253033498609193093",
    "name": "5_1heart",
    "url": "https://cdn.discordapp.com/emojis/1253033498609193093.png",
    "animated": false
  },
  {
    "id": "1253035780239261899",
    "name": "8_1heart",
    "url": "https://cdn.discordapp.com/emojis/1253035780239261899.png",
    "animated": false
  },
  {
    "id": "1253071111805993084",
    "name": "3_1heart",
    "url": "https://cdn.discordapp.com/emojis/1253071111805993084.png",
    "animated": false
  },
  {
    "id": "1253073537854603324",
    "name": "8_1heart",
    "url": "https://cdn.discordapp.com/emojis/1253073537854603324.png",
    "animated": false
  },
  {
    "id": "1253075562675834972",
    "name": "4_1heart",
    "url": "https://cdn.discordapp.com/emojis/1253075562675834972.png",
    "animated": false
  },
  {
    "id": "1253082097560588398",
    "name": "5_1heart",
    "url": "https://cdn.discordapp.com/emojis/1253082097560588398.png",
    "animated": false
  },
  {
    "id": "1253083349132775435",
    "name": "91_1heart",
    "url": "https://cdn.discordapp.com/emojis/1253083349132775435.png",
    "animated": false
  },
  {
    "id": "1253084206196719706",
    "name": "72_1heart",
    "url": "https://cdn.discordapp.com/emojis/1253084206196719706.png",
    "animated": false
  },
  {
    "id": "1253826027961188393",
    "name": "1_1xa_raa",
    "url": "https://cdn.discordapp.com/emojis/1253826027961188393.png",
    "animated": false
  },
  {
    "id": "1253826506178822248",
    "name": "3_blush",
    "url": "https://cdn.discordapp.com/emojis/1253826506178822248.png",
    "animated": false
  },
  {
    "id": "1253827655204343858",
    "name": "3_z_butterfly",
    "url": "https://cdn.discordapp.com/emojis/1253827655204343858.png",
    "animated": false
  },
  {
    "id": "1254858192199094345",
    "name": "1_1xa_giffle",
    "url": "https://cdn.discordapp.com/emojis/1254858192199094345.png",
    "animated": false
  },
  {
    "id": "1257715050710306878",
    "name": "1_pi_happycat",
    "url": "https://cdn.discordapp.com/emojis/1257715050710306878.gif",
    "animated": true
  },
  {
    "id": "1282377214368940156",
    "name": "1_1xa_pourtoi",
    "url": "https://cdn.discordapp.com/emojis/1282377214368940156.png",
    "animated": false
  },
  {
    "id": "1282377786144587786",
    "name": "1_1xd_Bernitilted",
    "url": "https://cdn.discordapp.com/emojis/1282377786144587786.png",
    "animated": false
  },
  {
    "id": "1282378692944990219",
    "name": "91_zx_blush",
    "url": "https://cdn.discordapp.com/emojis/1282378692944990219.png",
    "animated": false
  },
  {
    "id": "1282379810466697319",
    "name": "5_pepe_coffee",
    "url": "https://cdn.discordapp.com/emojis/1282379810466697319.gif",
    "animated": true
  },
  {
    "id": "1282380711818694709",
    "name": "91_zx_fbtantpis",
    "url": "https://cdn.discordapp.com/emojis/1282380711818694709.png",
    "animated": false
  },
  {
    "id": "1282380958758211584",
    "name": "91_zx_bagarre",
    "url": "https://cdn.discordapp.com/emojis/1282380958758211584.gif",
    "animated": true
  },
  {
    "id": "1282381480806453340",
    "name": "5_gr_frimeuse",
    "url": "https://cdn.discordapp.com/emojis/1282381480806453340.png",
    "animated": false
  },
  {
    "id": "1282381590743224321",
    "name": "5_gr_heart",
    "url": "https://cdn.discordapp.com/emojis/1282381590743224321.gif",
    "animated": true
  },
  {
    "id": "1282381729683996815",
    "name": "5_gr_perspicase",
    "url": "https://cdn.discordapp.com/emojis/1282381729683996815.png",
    "animated": false
  },
  {
    "id": "1282381820176105532",
    "name": "5_gr_think",
    "url": "https://cdn.discordapp.com/emojis/1282381820176105532.png",
    "animated": false
  },
  {
    "id": "1282382279104008304",
    "name": "5_pepe_aajsp",
    "url": "https://cdn.discordapp.com/emojis/1282382279104008304.gif",
    "animated": true
  },
  {
    "id": "1282382745573654629",
    "name": "1_1xa_aka",
    "url": "https://cdn.discordapp.com/emojis/1282382745573654629.png",
    "animated": false
  },
  {
    "id": "1282383324127694999",
    "name": "1_1xa_fuck_u",
    "url": "https://cdn.discordapp.com/emojis/1282383324127694999.png",
    "animated": false
  },
  {
    "id": "1282385846200307832",
    "name": "1_1xa_waww",
    "url": "https://cdn.discordapp.com/emojis/1282385846200307832.png",
    "animated": false
  },
  {
    "id": "1282389653378437212",
    "name": "Ourson_vnr",
    "url": "https://cdn.discordapp.com/emojis/1282389653378437212.gif",
    "animated": true
  },
  {
    "id": "1282390052462264350",
    "name": "Ourson_bss",
    "url": "https://cdn.discordapp.com/emojis/1282390052462264350.gif",
    "animated": true
  },
  {
    "id": "1282390322290229290",
    "name": "Ourson_cln",
    "url": "https://cdn.discordapp.com/emojis/1282390322290229290.png",
    "animated": false
  },
  {
    "id": "1282390530306736260",
    "name": "Ourson_cln1",
    "url": "https://cdn.discordapp.com/emojis/1282390530306736260.gif",
    "animated": true
  },
  {
    "id": "1282390916077719552",
    "name": "Ourson_fatigue",
    "url": "https://cdn.discordapp.com/emojis/1282390916077719552.gif",
    "animated": true
  },
  {
    "id": "1282391597903908864",
    "name": "Ourson_dance",
    "url": "https://cdn.discordapp.com/emojis/1282391597903908864.gif",
    "animated": true
  },
  {
    "id": "1282392030110158951",
    "name": "5_pepe_bg",
    "url": "https://cdn.discordapp.com/emojis/1282392030110158951.png",
    "animated": false
  },
  {
    "id": "1282392292870717440",
    "name": "5_pepe_cry",
    "url": "https://cdn.discordapp.com/emojis/1282392292870717440.png",
    "animated": false
  },
  {
    "id": "1282392520957104198",
    "name": "7_wtf",
    "url": "https://cdn.discordapp.com/emojis/1282392520957104198.png",
    "animated": false
  },
  {
    "id": "1285262116856533055",
    "name": "1_1Hwa",
    "url": "https://cdn.discordapp.com/emojis/1285262116856533055.png",
    "animated": false
  },
  {
    "id": "1287868572579926137",
    "name": "2_1welcome",
    "url": "https://cdn.discordapp.com/emojis/1287868572579926137.png",
    "animated": false
  },
  {
    "id": "1288179592468758600",
    "name": "vcKr2hBaUuPGcKc",
    "url": "https://cdn.discordapp.com/emojis/1288179592468758600.png",
    "animated": false
  },
  {
    "id": "1288180009458073703",
    "name": "G_ouioui",
    "url": "https://cdn.discordapp.com/emojis/1288180009458073703.gif",
    "animated": true
  },
  {
    "id": "1288180394511958157",
    "name": "2_exclamation",
    "url": "https://cdn.discordapp.com/emojis/1288180394511958157.gif",
    "animated": true
  },
  {
    "id": "1288181107338117132",
    "name": "8_dance",
    "url": "https://cdn.discordapp.com/emojis/1288181107338117132.gif",
    "animated": true
  },
  {
    "id": "1289894730951557182",
    "name": "5_mbapleure",
    "url": "https://cdn.discordapp.com/emojis/1289894730951557182.gif",
    "animated": true
  },
  {
    "id": "1290759334606930042",
    "name": "8_pouetpouet_",
    "url": "https://cdn.discordapp.com/emojis/1290759334606930042.png",
    "animated": false
  },
  {
    "id": "1290773983448272926",
    "name": "5_pepe_sus",
    "url": "https://cdn.discordapp.com/emojis/1290773983448272926.png",
    "animated": false
  },
  {
    "id": "1290774793175437455",
    "name": "5_jefaispeurjtecoursderriere",
    "url": "https://cdn.discordapp.com/emojis/1290774793175437455.gif",
    "animated": true
  },
  {
    "id": "1294960661989953610",
    "name": "2_1crown",
    "url": "https://cdn.discordapp.com/emojis/1294960661989953610.png",
    "animated": false
  },
  {
    "id": "1297448004575428630",
    "name": "7_1CoeurNitro",
    "url": "https://cdn.discordapp.com/emojis/1297448004575428630.png",
    "animated": false
  },
  {
    "id": "1297589608149680199",
    "name": "5_HappyHappy",
    "url": "https://cdn.discordapp.com/emojis/1297589608149680199.png",
    "animated": false
  }
]