[
  {
    "id": "1292113368336957443",
    "name": "Bug_Hunter1",
    "url": "https://cdn.discordapp.com/emojis/1292113368336957443.png",
    "animated": false
  },
  {
    "id": "1292113381171400786",
    "name": "DiscordEarlyBotDeveloper",
    "url": "https://cdn.discordapp.com/emojis/1292113381171400786.png",
    "animated": false
  },
  {
    "id": "1292113399227879494",
    "name": "Guild_administrator_dark_theme",
    "url": "https://cdn.discordapp.com/emojis/1292113399227879494.png",
    "animated": false
  },
  {
    "id": "1292113421466341515",
    "name": "Ban_Hammer",
    "url": "https://cdn.discordapp.com/emojis/1292113421466341515.png",
    "animated": false
  },
  {
    "id": "1292113439795314851",
    "name": "GoldModerator",
    "url": "https://cdn.discordapp.com/emojis/1292113439795314851.png",
    "animated": false
  },
  {
    "id": "1292113461689581728",
    "name": "EarlySupporterBadge",
    "url": "https://cdn.discordapp.com/emojis/1292113461689581728.png",
    "animated": false
  },
  {
    "id": "1292113477992841337",
    "name": "alumni_badge",
    "url": "https://cdn.discordapp.com/emojis/1292113477992841337.png",
    "animated": false
  },
  {
    "id": "1292113501258514532",
    "name": "bot_owner",
    "url": "https://cdn.discordapp.com/emojis/1292113501258514532.png",
    "animated": false
  },
  {
    "id": "1292113522624565278",
    "name": "CoOwner_HAX_55ffff",
    "url": "https://cdn.discordapp.com/emojis/1292113522624565278.png",
    "animated": false
  },
  {
    "id": "1292113570347089990",
    "name": "Nitro_Gold",
    "url": "https://cdn.discordapp.com/emojis/1292113570347089990.png",
    "animated": false
  },
  {
    "id": "1292113603620634654",
    "name": "Victory_Crown_Fortnite",
    "url": "https://cdn.discordapp.com/emojis/1292113603620634654.png",
    "animated": false
  },
  {
    "id": "1294968578717519922",
    "name": "money",
    "url": "https://cdn.discordapp.com/emojis/1294968578717519922.png",
    "animated": false
  },
  {
    "id": "1294968696045047818",
    "name": "rouge",
    "url": "https://cdn.discordapp.com/emojis/1294968696045047818.png",
    "animated": false
  },
  {
    "id": "1294968934105219083",
    "name": "AMD_Ryzen_B450_Custom_Gaming_pc",
    "url": "https://cdn.discordapp.com/emojis/1294968934105219083.png",
    "animated": false
  },
  {
    "id": "1294969196333240342",
    "name": "plus",
    "url": "https://cdn.discordapp.com/emojis/1294969196333240342.png",
    "animated": false
  }
]