[
  {
    "id": "1262112604063531028",
    "name": "green_online",
    "url": "https://cdn.discordapp.com/emojis/1262112604063531028.png",
    "animated": false
  },
  {
    "id": "1262112625647685765",
    "name": "icon_reglement",
    "url": "https://cdn.discordapp.com/emojis/1262112625647685765.png",
    "animated": false
  },
  {
    "id": "1262112647093031015",
    "name": "icon_link",
    "url": "https://cdn.discordapp.com/emojis/1262112647093031015.png",
    "animated": false
  },
  {
    "id": "1262112669159391252",
    "name": "icon_forum",
    "url": "https://cdn.discordapp.com/emojis/1262112669159391252.png",
    "animated": false
  },
  {
    "id": "1262112690642489378",
    "name": "3_black_faucheuse",
    "url": "https://cdn.discordapp.com/emojis/1262112690642489378.png",
    "animated": false
  },
  {
    "id": "1262112712788545586",
    "name": "icon_roles",
    "url": "https://cdn.discordapp.com/emojis/1262112712788545586.png",
    "animated": false
  },
  {
    "id": "1262112734418567258",
    "name": "white_star",
    "url": "https://cdn.discordapp.com/emojis/1262112734418567258.png",
    "animated": false
  },
  {
    "id": "1262112756149256262",
    "name": "iconmicro",
    "url": "https://cdn.discordapp.com/emojis/1262112756149256262.png",
    "animated": false
  },
  {
    "id": "1262112777535885487",
    "name": "3_white_check",
    "url": "https://cdn.discordapp.com/emojis/1262112777535885487.png",
    "animated": false
  },
  {
    "id": "1262112799425957958",
    "name": "icon_discord",
    "url": "https://cdn.discordapp.com/emojis/1262112799425957958.png",
    "animated": false
  },
  {
    "id": "1262112821056114688",
    "name": "3_black_heart",
    "url": "https://cdn.discordapp.com/emojis/1262112821056114688.png",
    "animated": false
  },
  {
    "id": "1262112842660708393",
    "name": "icon_utility",
    "url": "https://cdn.discordapp.com/emojis/1262112842660708393.png",
    "animated": false
  },
  {
    "id": "1262112864315904020",
    "name": "icon_announcement",
    "url": "https://cdn.discordapp.com/emojis/1262112864315904020.png",
    "animated": false
  },
  {
    "id": "1262112885933346907",
    "name": "white_mathix",
    "url": "https://cdn.discordapp.com/emojis/1262112885933346907.png",
    "animated": false
  },
  {
    "id": "1262112907483680892",
    "name": "icon_coins",
    "url": "https://cdn.discordapp.com/emojis/1262112907483680892.png",
    "animated": false
  },
  {
    "id": "1262112929768018003",
    "name": "pink_drackxou",
    "url": "https://cdn.discordapp.com/emojis/1262112929768018003.png",
    "animated": false
  },
  {
    "id": "1262112951435788309",
    "name": "icon_info",
    "url": "https://cdn.discordapp.com/emojis/1262112951435788309.png",
    "animated": false
  },
  {
    "id": "1262112973120606221",
    "name": "3_black_arrow",
    "url": "https://cdn.discordapp.com/emojis/1262112973120606221.png",
    "animated": false
  },
  {
    "id": "1262112995539157074",
    "name": "icon_info",
    "url": "https://cdn.discordapp.com/emojis/1262112995539157074.png",
    "animated": false
  },
  {
    "id": "1262113017320050718",
    "name": "ours_timide",
    "url": "https://cdn.discordapp.com/emojis/1262113017320050718.png",
    "animated": false
  },
  {
    "id": "1262113038690025545",
    "name": "icon_utility2",
    "url": "https://cdn.discordapp.com/emojis/1262113038690025545.png",
    "animated": false
  },
  {
    "id": "1262113060991012895",
    "name": "3_black_across",
    "url": "https://cdn.discordapp.com/emojis/1262113060991012895.png",
    "animated": false
  },
  {
    "id": "1262113082327568516",
    "name": "icon_person",
    "url": "https://cdn.discordapp.com/emojis/1262113082327568516.png",
    "animated": false
  },
  {
    "id": "1262113107942314034",
    "name": "fun_keskiditlui",
    "url": "https://cdn.discordapp.com/emojis/1262113107942314034.png",
    "animated": false
  },
  {
    "id": "1262113129941434559",
    "name": "icon_BBaux",
    "url": "https://cdn.discordapp.com/emojis/1262113129941434559.png",
    "animated": false
  },
  {
    "id": "1262113152045154445",
    "name": "fun_ky",
    "url": "https://cdn.discordapp.com/emojis/1262113152045154445.png",
    "animated": false
  },
  {
    "id": "1262113174434480139",
    "name": "icon_BBvrai",
    "url": "https://cdn.discordapp.com/emojis/1262113174434480139.png",
    "animated": false
  },
  {
    "id": "1262113196173688903",
    "name": "ours_urg",
    "url": "https://cdn.discordapp.com/emojis/1262113196173688903.png",
    "animated": false
  },
  {
    "id": "1262113217753124918",
    "name": "icon_partner",
    "url": "https://cdn.discordapp.com/emojis/1262113217753124918.png",
    "animated": false
  },
  {
    "id": "1262113239324557509",
    "name": "cat_feicy3",
    "url": "https://cdn.discordapp.com/emojis/1262113239324557509.png",
    "animated": false
  },
  {
    "id": "1262113261076353025",
    "name": "icon_AAgreen",
    "url": "https://cdn.discordapp.com/emojis/1262113261076353025.png",
    "animated": false
  },
  {
    "id": "1262113283222147162",
    "name": "cat_feicy2",
    "url": "https://cdn.discordapp.com/emojis/1262113283222147162.png",
    "animated": false
  },
  {
    "id": "1262113304478744607",
    "name": "icon_AAred",
    "url": "https://cdn.discordapp.com/emojis/1262113304478744607.png",
    "animated": false
  },
  {
    "id": "1262113326331334719",
    "name": "cat_feicy",
    "url": "https://cdn.discordapp.com/emojis/1262113326331334719.png",
    "animated": false
  },
  {
    "id": "1262113348611477604",
    "name": "pika_pls",
    "url": "https://cdn.discordapp.com/emojis/1262113348611477604.png",
    "animated": false
  },
  {
    "id": "1262113370207813774",
    "name": "icon_mod",
    "url": "https://cdn.discordapp.com/emojis/1262113370207813774.png",
    "animated": false
  },
  {
    "id": "1262113392047558687",
    "name": "pika_fight",
    "url": "https://cdn.discordapp.com/emojis/1262113392047558687.png",
    "animated": false
  },
  {
    "id": "1262113414185222155",
    "name": "icon_CCarrowgreen",
    "url": "https://cdn.discordapp.com/emojis/1262113414185222155.png",
    "animated": false
  },
  {
    "id": "1262113436070842500",
    "name": "icon_CCarrowred",
    "url": "https://cdn.discordapp.com/emojis/1262113436070842500.png",
    "animated": false
  },
  {
    "id": "1262113457537290293",
    "name": "pika_love1",
    "url": "https://cdn.discordapp.com/emojis/1262113457537290293.png",
    "animated": false
  },
  {
    "id": "1262113479368642695",
    "name": "icon_utility",
    "url": "https://cdn.discordapp.com/emojis/1262113479368642695.png",
    "animated": false
  },
  {
    "id": "1262113501112045579",
    "name": "pika_ok",
    "url": "https://cdn.discordapp.com/emojis/1262113501112045579.png",
    "animated": false
  },
  {
    "id": "1262113523274879088",
    "name": "icon_writing",
    "url": "https://cdn.discordapp.com/emojis/1262113523274879088.png",
    "animated": false
  },
  {
    "id": "1262113544770424855",
    "name": "icon_giveaway",
    "url": "https://cdn.discordapp.com/emojis/1262113544770424855.png",
    "animated": false
  },
  {
    "id": "1262113566744383668",
    "name": "3_black_spider",
    "url": "https://cdn.discordapp.com/emojis/1262113566744383668.png",
    "animated": false
  },
  {
    "id": "1262113588274008087",
    "name": "panda_dormir",
    "url": "https://cdn.discordapp.com/emojis/1262113588274008087.png",
    "animated": false
  },
  {
    "id": "1262113610289909830",
    "name": "icons_guide",
    "url": "https://cdn.discordapp.com/emojis/1262113610289909830.png",
    "animated": false
  },
  {
    "id": "1262113631907090583",
    "name": "icon_2giveaway_party2",
    "url": "https://cdn.discordapp.com/emojis/1262113631907090583.png",
    "animated": false
  },
  {
    "id": "1262113653428064318",
    "name": "icon_1red_timeout",
    "url": "https://cdn.discordapp.com/emojis/1262113653428064318.png",
    "animated": false
  },
  {
    "id": "1262113675226120244",
    "name": "3_white_rose",
    "url": "https://cdn.discordapp.com/emojis/1262113675226120244.png",
    "animated": false
  },
  {
    "id": "1262127703939748020",
    "name": "icon_2giveaway_party",
    "url": "https://cdn.discordapp.com/emojis/1262127703939748020.png",
    "animated": false
  },
  {
    "id": "1262127725636751472",
    "name": "crown_yellow",
    "url": "https://cdn.discordapp.com/emojis/1262127725636751472.png",
    "animated": false
  },
  {
    "id": "1262127747744923720",
    "name": "3_white_arrow",
    "url": "https://cdn.discordapp.com/emojis/1262127747744923720.png",
    "animated": false
  },
  {
    "id": "1262127769236672516",
    "name": "3_white_trait",
    "url": "https://cdn.discordapp.com/emojis/1262127769236672516.png",
    "animated": false
  },
  {
    "id": "1262127791202373634",
    "name": "icon_1pink",
    "url": "https://cdn.discordapp.com/emojis/1262127791202373634.png",
    "animated": false
  },
  {
    "id": "1262127813188649051",
    "name": "icon_5personne",
    "url": "https://cdn.discordapp.com/emojis/1262127813188649051.png",
    "animated": false
  },
  {
    "id": "1262127834596507739",
    "name": "icon_5voice",
    "url": "https://cdn.discordapp.com/emojis/1262127834596507739.png",
    "animated": false
  },
  {
    "id": "1262127856465608788",
    "name": "number_icons_1",
    "url": "https://cdn.discordapp.com/emojis/1262127856465608788.png",
    "animated": false
  },
  {
    "id": "1262127878653481050",
    "name": "number_icons_2",
    "url": "https://cdn.discordapp.com/emojis/1262127878653481050.png",
    "animated": false
  },
  {
    "id": "1262127906428289094",
    "name": "number_icons_3",
    "url": "https://cdn.discordapp.com/emojis/1262127906428289094.png",
    "animated": false
  },
  {
    "id": "1262127928813293658",
    "name": "number_icons_4",
    "url": "https://cdn.discordapp.com/emojis/1262127928813293658.png",
    "animated": false
  },
  {
    "id": "1262127950409760898",
    "name": "number_icons_5",
    "url": "https://cdn.discordapp.com/emojis/1262127950409760898.png",
    "animated": false
  },
  {
    "id": "1262127971934801972",
    "name": "number_icons_6",
    "url": "https://cdn.discordapp.com/emojis/1262127971934801972.png",
    "animated": false
  },
  {
    "id": "1262127993866813443",
    "name": "number_icons_7",
    "url": "https://cdn.discordapp.com/emojis/1262127993866813443.png",
    "animated": false
  },
  {
    "id": "1262128015890976809",
    "name": "number_icons_8",
    "url": "https://cdn.discordapp.com/emojis/1262128015890976809.png",
    "animated": false
  },
  {
    "id": "1262128037437243484",
    "name": "number_icons_910",
    "url": "https://cdn.discordapp.com/emojis/1262128037437243484.png",
    "animated": false
  },
  {
    "id": "1262128059310411947",
    "name": "number_icons_9",
    "url": "https://cdn.discordapp.com/emojis/1262128059310411947.png",
    "animated": false
  },
  {
    "id": "1262128081293021214",
    "name": "3_black_fun_kittens",
    "url": "https://cdn.discordapp.com/emojis/1262128081293021214.png",
    "animated": false
  },
  {
    "id": "1262128103216382063",
    "name": "3_black_qlf",
    "url": "https://cdn.discordapp.com/emojis/1262128103216382063.png",
    "animated": false
  },
  {
    "id": "1262128124636823583",
    "name": "logo_green_online",
    "url": "https://cdn.discordapp.com/emojis/1262128124636823583.png",
    "animated": false
  },
  {
    "id": "1262128146652594290",
    "name": "3_black_snake",
    "url": "https://cdn.discordapp.com/emojis/1262128146652594290.png",
    "animated": false
  },
  {
    "id": "1262128168492335104",
    "name": "3_white_star",
    "url": "https://cdn.discordapp.com/emojis/1262128168492335104.png",
    "animated": false
  },
  {
    "id": "1262128189866770584",
    "name": "coeur_1",
    "url": "https://cdn.discordapp.com/emojis/1262128189866770584.png",
    "animated": false
  },
  {
    "id": "1262128211882410004",
    "name": "coeur_2",
    "url": "https://cdn.discordapp.com/emojis/1262128211882410004.png",
    "animated": false
  },
  {
    "id": "1262128233617424546",
    "name": "3_black_planet",
    "url": "https://cdn.discordapp.com/emojis/1262128233617424546.png",
    "animated": false
  },
  {
    "id": "1262128255528337468",
    "name": "3_white_mathix",
    "url": "https://cdn.discordapp.com/emojis/1262128255528337468.png",
    "animated": false
  },
  {
    "id": "1262128276944715777",
    "name": "lune3",
    "url": "https://cdn.discordapp.com/emojis/1262128276944715777.png",
    "animated": false
  },
  {
    "id": "1262128299015147560",
    "name": "fun_animekeskiditlui",
    "url": "https://cdn.discordapp.com/emojis/1262128299015147560.png",
    "animated": false
  },
  {
    "id": "1262128320712147054",
    "name": "fun_animeky",
    "url": "https://cdn.discordapp.com/emojis/1262128320712147054.png",
    "animated": false
  },
  {
    "id": "1262128342019211316",
    "name": "pika_pls1",
    "url": "https://cdn.discordapp.com/emojis/1262128342019211316.png",
    "animated": false
  },
  {
    "id": "1262128364169461841",
    "name": "pika_fight1",
    "url": "https://cdn.discordapp.com/emojis/1262128364169461841.png",
    "animated": false
  },
  {
    "id": "1262128385908408392",
    "name": "pika_love1",
    "url": "https://cdn.discordapp.com/emojis/1262128385908408392.png",
    "animated": false
  },
  {
    "id": "1262128408293281905",
    "name": "panda_aveugle",
    "url": "https://cdn.discordapp.com/emojis/1262128408293281905.png",
    "animated": false
  },
  {
    "id": "1262128429923565619",
    "name": "etoile_luma",
    "url": "https://cdn.discordapp.com/emojis/1262128429923565619.png",
    "animated": false
  },
  {
    "id": "1262128451666579647",
    "name": "etoile_luma1",
    "url": "https://cdn.discordapp.com/emojis/1262128451666579647.png",
    "animated": false
  },
  {
    "id": "1262128473548394516",
    "name": "etoile6",
    "url": "https://cdn.discordapp.com/emojis/1262128473548394516.png",
    "animated": false
  },
  {
    "id": "1262128495488794795",
    "name": "tortue1",
    "url": "https://cdn.discordapp.com/emojis/1262128495488794795.png",
    "animated": false
  },
  {
    "id": "1262128517102174348",
    "name": "tortue2",
    "url": "https://cdn.discordapp.com/emojis/1262128517102174348.png",
    "animated": false
  },
  {
    "id": "1262128538815959214",
    "name": "tortue3",
    "url": "https://cdn.discordapp.com/emojis/1262128538815959214.png",
    "animated": false
  },
  {
    "id": "1262128560496316487",
    "name": "tortue4",
    "url": "https://cdn.discordapp.com/emojis/1262128560496316487.png",
    "animated": false
  },
  {
    "id": "1262128582633848993",
    "name": "tortue5",
    "url": "https://cdn.discordapp.com/emojis/1262128582633848993.png",
    "animated": false
  },
  {
    "id": "1262128604452749413",
    "name": "tortue6",
    "url": "https://cdn.discordapp.com/emojis/1262128604452749413.png",
    "animated": false
  },
  {
    "id": "1262128626481102901",
    "name": "tortue8",
    "url": "https://cdn.discordapp.com/emojis/1262128626481102901.png",
    "animated": false
  },
  {
    "id": "1262128648312590407",
    "name": "tortue9",
    "url": "https://cdn.discordapp.com/emojis/1262128648312590407.png",
    "animated": false
  },
  {
    "id": "1262128669846016084",
    "name": "casino6",
    "url": "https://cdn.discordapp.com/emojis/1262128669846016084.png",
    "animated": false
  },
  {
    "id": "1262128691631099990",
    "name": "casino5",
    "url": "https://cdn.discordapp.com/emojis/1262128691631099990.png",
    "animated": false
  },
  {
    "id": "1262128713605189634",
    "name": "casino4",
    "url": "https://cdn.discordapp.com/emojis/1262128713605189634.png",
    "animated": false
  },
  {
    "id": "1262128735914823700",
    "name": "casino3",
    "url": "https://cdn.discordapp.com/emojis/1262128735914823700.png",
    "animated": false
  },
  {
    "id": "1262128757695840339",
    "name": "casino2",
    "url": "https://cdn.discordapp.com/emojis/1262128757695840339.png",
    "animated": false
  },
  {
    "id": "1262128779338448918",
    "name": "casino1",
    "url": "https://cdn.discordapp.com/emojis/1262128779338448918.png",
    "animated": false
  },
  {
    "id": "1262142803278827545",
    "name": "lune1",
    "url": "https://cdn.discordapp.com/emojis/1262142803278827545.png",
    "animated": false
  },
  {
    "id": "1262142825466826926",
    "name": "love",
    "url": "https://cdn.discordapp.com/emojis/1262142825466826926.png",
    "animated": false
  },
  {
    "id": "1262142846815834145",
    "name": "fun_jebande",
    "url": "https://cdn.discordapp.com/emojis/1262142846815834145.png",
    "animated": false
  },
  {
    "id": "1262142868751908966",
    "name": "lune2",
    "url": "https://cdn.discordapp.com/emojis/1262142868751908966.png",
    "animated": false
  },
  {
    "id": "1262142890897969253",
    "name": "fun_anime_kanna_sip",
    "url": "https://cdn.discordapp.com/emojis/1262142890897969253.png",
    "animated": false
  },
  {
    "id": "1262142912704151622",
    "name": "fun_clown",
    "url": "https://cdn.discordapp.com/emojis/1262142912704151622.png",
    "animated": false
  },
  {
    "id": "1262142934917320816",
    "name": "etoile5",
    "url": "https://cdn.discordapp.com/emojis/1262142934917320816.png",
    "animated": false
  },
  {
    "id": "1262142956442484849",
    "name": "fun_animegiyu",
    "url": "https://cdn.discordapp.com/emojis/1262142956442484849.png",
    "animated": false
  },
  {
    "id": "1262142978475032751",
    "name": "logo_samsung",
    "url": "https://cdn.discordapp.com/emojis/1262142978475032751.png",
    "animated": false
  },
  {
    "id": "1262143000419500095",
    "name": "logo_apple",
    "url": "https://cdn.discordapp.com/emojis/1262143000419500095.png",
    "animated": false
  },
  {
    "id": "1262143022091468872",
    "name": "pepe_palu",
    "url": "https://cdn.discordapp.com/emojis/1262143022091468872.png",
    "animated": false
  },
  {
    "id": "1262143044317352066",
    "name": "2_hehehe",
    "url": "https://cdn.discordapp.com/emojis/1262143044317352066.png",
    "animated": false
  },
  {
    "id": "1262143065934528632",
    "name": "ours",
    "url": "https://cdn.discordapp.com/emojis/1262143065934528632.png",
    "animated": false
  },
  {
    "id": "1262143087707426876",
    "name": "2_mouais",
    "url": "https://cdn.discordapp.com/emojis/1262143087707426876.png",
    "animated": false
  },
  {
    "id": "1262143109316346028",
    "name": "1_genant",
    "url": "https://cdn.discordapp.com/emojis/1262143109316346028.png",
    "animated": false
  },
  {
    "id": "1262143131437236295",
    "name": "1_dropnitro",
    "url": "https://cdn.discordapp.com/emojis/1262143131437236295.png",
    "animated": false
  },
  {
    "id": "1262143153197289584",
    "name": "1_larue",
    "url": "https://cdn.discordapp.com/emojis/1262143153197289584.png",
    "animated": false
  },
  {
    "id": "1262143175120912424",
    "name": "1_rage_quit",
    "url": "https://cdn.discordapp.com/emojis/1262143175120912424.png",
    "animated": false
  },
  {
    "id": "1262143196943876157",
    "name": "1_honteux",
    "url": "https://cdn.discordapp.com/emojis/1262143196943876157.png",
    "animated": false
  },
  {
    "id": "1262143218464718851",
    "name": "1_Voilaaa",
    "url": "https://cdn.discordapp.com/emojis/1262143218464718851.png",
    "animated": false
  },
  {
    "id": "1262143240526889032",
    "name": "fun_fck",
    "url": "https://cdn.discordapp.com/emojis/1262143240526889032.png",
    "animated": false
  },
  {
    "id": "1262143262811099312",
    "name": "chat",
    "url": "https://cdn.discordapp.com/emojis/1262143262811099312.png",
    "animated": false
  },
  {
    "id": "1262143284952825947",
    "name": "1_cheh",
    "url": "https://cdn.discordapp.com/emojis/1262143284952825947.png",
    "animated": false
  },
  {
    "id": "1262143307153149972",
    "name": "1_carre",
    "url": "https://cdn.discordapp.com/emojis/1262143307153149972.png",
    "animated": false
  },
  {
    "id": "1262143328963661894",
    "name": "1_antiverse",
    "url": "https://cdn.discordapp.com/emojis/1262143328963661894.png",
    "animated": false
  },
  {
    "id": "1262143350929100820",
    "name": "1_mangetmort",
    "url": "https://cdn.discordapp.com/emojis/1262143350929100820.png",
    "animated": false
  },
  {
    "id": "1262143372924162129",
    "name": "2_what",
    "url": "https://cdn.discordapp.com/emojis/1262143372924162129.png",
    "animated": false
  },
  {
    "id": "1262143394961031199",
    "name": "2_inlove",
    "url": "https://cdn.discordapp.com/emojis/1262143394961031199.png",
    "animated": false
  },
  {
    "id": "1262143416779935915",
    "name": "2_oulapk",
    "url": "https://cdn.discordapp.com/emojis/1262143416779935915.png",
    "animated": false
  },
  {
    "id": "1262143439072530522",
    "name": "fun_waaaa",
    "url": "https://cdn.discordapp.com/emojis/1262143439072530522.png",
    "animated": false
  },
  {
    "id": "1262143460505555036",
    "name": "2_okok",
    "url": "https://cdn.discordapp.com/emojis/1262143460505555036.png",
    "animated": false
  },
  {
    "id": "1262143482848612463",
    "name": "2_mdr",
    "url": "https://cdn.discordapp.com/emojis/1262143482848612463.png",
    "animated": false
  },
  {
    "id": "1262143504369455117",
    "name": "pika",
    "url": "https://cdn.discordapp.com/emojis/1262143504369455117.png",
    "animated": false
  },
  {
    "id": "1262143525995413658",
    "name": "2_waalahonte",
    "url": "https://cdn.discordapp.com/emojis/1262143525995413658.png",
    "animated": false
  },
  {
    "id": "1262143548199927818",
    "name": "2_calvitie",
    "url": "https://cdn.discordapp.com/emojis/1262143548199927818.png",
    "animated": false
  },
  {
    "id": "1262143570111107204",
    "name": "1_vent",
    "url": "https://cdn.discordapp.com/emojis/1262143570111107204.png",
    "animated": false
  },
  {
    "id": "1262143592185724948",
    "name": "1_bloque",
    "url": "https://cdn.discordapp.com/emojis/1262143592185724948.png",
    "animated": false
  },
  {
    "id": "1262143613832265818",
    "name": "1__rend_pas_fou",
    "url": "https://cdn.discordapp.com/emojis/1262143613832265818.png",
    "animated": false
  },
  {
    "id": "1262143635525341184",
    "name": "1_LACHEMAVESTE",
    "url": "https://cdn.discordapp.com/emojis/1262143635525341184.png",
    "animated": false
  },
  {
    "id": "1262143657096511521",
    "name": "1_flop",
    "url": "https://cdn.discordapp.com/emojis/1262143657096511521.png",
    "animated": false
  },
  {
    "id": "1262143679150424175",
    "name": "2_hein",
    "url": "https://cdn.discordapp.com/emojis/1262143679150424175.png",
    "animated": false
  },
  {
    "id": "1262143700897890414",
    "name": "1_lazone",
    "url": "https://cdn.discordapp.com/emojis/1262143700897890414.png",
    "animated": false
  },
  {
    "id": "1262143722825580675",
    "name": "1_paslu",
    "url": "https://cdn.discordapp.com/emojis/1262143722825580675.png",
    "animated": false
  },
  {
    "id": "1262143744551944322",
    "name": "1_bon_toutou",
    "url": "https://cdn.discordapp.com/emojis/1262143744551944322.png",
    "animated": false
  },
  {
    "id": "1262143766253408317",
    "name": "1_menfou",
    "url": "https://cdn.discordapp.com/emojis/1262143766253408317.png",
    "animated": false
  },
  {
    "id": "1262143787942019082",
    "name": "1_quedulove",
    "url": "https://cdn.discordapp.com/emojis/1262143787942019082.png",
    "animated": false
  },
  {
    "id": "1262143809517650004",
    "name": "1_toi_tas_pas_fume",
    "url": "https://cdn.discordapp.com/emojis/1262143809517650004.png",
    "animated": false
  },
  {
    "id": "1262143831433019567",
    "name": "1_toz",
    "url": "https://cdn.discordapp.com/emojis/1262143831433019567.png",
    "animated": false
  },
  {
    "id": "1262143853851447336",
    "name": "1_malaise",
    "url": "https://cdn.discordapp.com/emojis/1262143853851447336.png",
    "animated": false
  },
  {
    "id": "1262143875523280980",
    "name": "1_grrr",
    "url": "https://cdn.discordapp.com/emojis/1262143875523280980.png",
    "animated": false
  },
  {
    "id": "1262157903142453321",
    "name": "1_glissedm",
    "url": "https://cdn.discordapp.com/emojis/1262157903142453321.png",
    "animated": false
  },
  {
    "id": "1262157925250502679",
    "name": "1_wshbb",
    "url": "https://cdn.discordapp.com/emojis/1262157925250502679.png",
    "animated": false
  },
  {
    "id": "1262157947664859188",
    "name": "1_oktban",
    "url": "https://cdn.discordapp.com/emojis/1262157947664859188.png",
    "animated": false
  },
  {
    "id": "1262157969471307866",
    "name": "1_prionsleban",
    "url": "https://cdn.discordapp.com/emojis/1262157969471307866.png",
    "animated": false
  },
  {
    "id": "1262157991227031602",
    "name": "1_fiak",
    "url": "https://cdn.discordapp.com/emojis/1262157991227031602.png",
    "animated": false
  },
  {
    "id": "1262158013142138961",
    "name": "1_michto",
    "url": "https://cdn.discordapp.com/emojis/1262158013142138961.png",
    "animated": false
  },
  {
    "id": "1262158034478567547",
    "name": "logo_PlayStation",
    "url": "https://cdn.discordapp.com/emojis/1262158034478567547.png",
    "animated": false
  },
  {
    "id": "1262158056540733510",
    "name": "logo_Xbox",
    "url": "https://cdn.discordapp.com/emojis/1262158056540733510.png",
    "animated": false
  },
  {
    "id": "1262158078233542748",
    "name": "2_lol",
    "url": "https://cdn.discordapp.com/emojis/1262158078233542748.png",
    "animated": false
  },
  {
    "id": "1262158122097836083",
    "name": "2_asent",
    "url": "https://cdn.discordapp.com/emojis/1262158122097836083.png",
    "animated": false
  },
  {
    "id": "1262158143970873439",
    "name": "2_tiensca",
    "url": "https://cdn.discordapp.com/emojis/1262158143970873439.png",
    "animated": false
  },
  {
    "id": "1262158166003810315",
    "name": "1_wtf",
    "url": "https://cdn.discordapp.com/emojis/1262158166003810315.png",
    "animated": false
  },
  {
    "id": "1262158188221042738",
    "name": "1_cuisine",
    "url": "https://cdn.discordapp.com/emojis/1262158188221042738.png",
    "animated": false
  },
  {
    "id": "1262158209951731804",
    "name": "2_bb_smile",
    "url": "https://cdn.discordapp.com/emojis/1262158209951731804.png",
    "animated": false
  },
  {
    "id": "1262158232034607106",
    "name": "fun_caprisun",
    "url": "https://cdn.discordapp.com/emojis/1262158232034607106.png",
    "animated": false
  },
  {
    "id": "1262158253547327580",
    "name": "1_tas_capte",
    "url": "https://cdn.discordapp.com/emojis/1262158253547327580.png",
    "animated": false
  },
  {
    "id": "1262158275873472704",
    "name": "2_mort",
    "url": "https://cdn.discordapp.com/emojis/1262158275873472704.png",
    "animated": false
  },
  {
    "id": "1262158298090569739",
    "name": "2_outr",
    "url": "https://cdn.discordapp.com/emojis/1262158298090569739.png",
    "animated": false
  },
  {
    "id": "1262158319691235462",
    "name": "chat4",
    "url": "https://cdn.discordapp.com/emojis/1262158319691235462.png",
    "animated": false
  },
  {
    "id": "1262158341468328090",
    "name": "1_PtnZebi",
    "url": "https://cdn.discordapp.com/emojis/1262158341468328090.png",
    "animated": false
  },
  {
    "id": "1262158363526168586",
    "name": "2_paslu",
    "url": "https://cdn.discordapp.com/emojis/1262158363526168586.png",
    "animated": false
  },
  {
    "id": "1262158386175279176",
    "name": "1_zzz",
    "url": "https://cdn.discordapp.com/emojis/1262158386175279176.png",
    "animated": false
  },
  {
    "id": "1262158407692193875",
    "name": "2_Chaud",
    "url": "https://cdn.discordapp.com/emojis/1262158407692193875.png",
    "animated": false
  },
  {
    "id": "1262158429451980936",
    "name": "2_audace_cest_ca",
    "url": "https://cdn.discordapp.com/emojis/1262158429451980936.png",
    "animated": false
  },
  {
    "id": "1262158451744968837",
    "name": "1_danslaxe",
    "url": "https://cdn.discordapp.com/emojis/1262158451744968837.png",
    "animated": false
  },
  {
    "id": "1262158473756541038",
    "name": "1_BG",
    "url": "https://cdn.discordapp.com/emojis/1262158473756541038.png",
    "animated": false
  },
  {
    "id": "1262158495516721274",
    "name": "1_ban",
    "url": "https://cdn.discordapp.com/emojis/1262158495516721274.png",
    "animated": false
  },
  {
    "id": "1262158517964509246",
    "name": "1_MMH",
    "url": "https://cdn.discordapp.com/emojis/1262158517964509246.png",
    "animated": false
  },
  {
    "id": "1262158540131274874",
    "name": "1_NUL",
    "url": "https://cdn.discordapp.com/emojis/1262158540131274874.png",
    "animated": false
  },
  {
    "id": "1262158561870479392",
    "name": "1_zepartie",
    "url": "https://cdn.discordapp.com/emojis/1262158561870479392.png",
    "animated": false
  },
  {
    "id": "1262158583190257837",
    "name": "1_gangption",
    "url": "https://cdn.discordapp.com/emojis/1262158583190257837.png",
    "animated": false
  },
  {
    "id": "1262158605386252308",
    "name": "1_vu",
    "url": "https://cdn.discordapp.com/emojis/1262158605386252308.png",
    "animated": false
  },
  {
    "id": "1262158627125592064",
    "name": "1_tutetais",
    "url": "https://cdn.discordapp.com/emojis/1262158627125592064.png",
    "animated": false
  },
  {
    "id": "1262158648876990484",
    "name": "1_zzz",
    "url": "https://cdn.discordapp.com/emojis/1262158648876990484.png",
    "animated": false
  },
  {
    "id": "1262158670704283799",
    "name": "mathix_love",
    "url": "https://cdn.discordapp.com/emojis/1262158670704283799.png",
    "animated": false
  },
  {
    "id": "1262158692535632003",
    "name": "1_sac",
    "url": "https://cdn.discordapp.com/emojis/1262158692535632003.png",
    "animated": false
  },
  {
    "id": "1262158714446549106",
    "name": "1_Sah_quel_plaisir",
    "url": "https://cdn.discordapp.com/emojis/1262158714446549106.png",
    "animated": false
  },
  {
    "id": "1262158757895602246",
    "name": "1_kitten",
    "url": "https://cdn.discordapp.com/emojis/1262158757895602246.png",
    "animated": false
  },
  {
    "id": "1262158779626029200",
    "name": "2_mdr",
    "url": "https://cdn.discordapp.com/emojis/1262158779626029200.png",
    "animated": false
  },
  {
    "id": "1262158801705111643",
    "name": "2_pointeur",
    "url": "https://cdn.discordapp.com/emojis/1262158801705111643.png",
    "animated": false
  },
  {
    "id": "1262158823406174309",
    "name": "1_sahquelplaisir",
    "url": "https://cdn.discordapp.com/emojis/1262158823406174309.png",
    "animated": false
  },
  {
    "id": "1262158845934047295",
    "name": "1_tbel",
    "url": "https://cdn.discordapp.com/emojis/1262158845934047295.png",
    "animated": false
  },
  {
    "id": "1262158867949817979",
    "name": "goodnight",
    "url": "https://cdn.discordapp.com/emojis/1262158867949817979.png",
    "animated": false
  },
  {
    "id": "1262158889546420296",
    "name": "goodmorning",
    "url": "https://cdn.discordapp.com/emojis/1262158889546420296.png",
    "animated": false
  },
  {
    "id": "1262158911562190848",
    "name": "fun_dabbb",
    "url": "https://cdn.discordapp.com/emojis/1262158911562190848.png",
    "animated": false
  },
  {
    "id": "1262158933275971644",
    "name": "pepe_boude",
    "url": "https://cdn.discordapp.com/emojis/1262158933275971644.png",
    "animated": false
  },
  {
    "id": "1262158954557865985",
    "name": "pepe_noob",
    "url": "https://cdn.discordapp.com/emojis/1262158954557865985.png",
    "animated": false
  },
  {
    "id": "1262158976657653810",
    "name": "pepe_blush",
    "url": "https://cdn.discordapp.com/emojis/1262158976657653810.png",
    "animated": false
  },
  {
    "id": "1262173005426196521",
    "name": "pepe_swat",
    "url": "https://cdn.discordapp.com/emojis/1262173005426196521.png",
    "animated": false
  },
  {
    "id": "1262173027278389248",
    "name": "pepe_dark",
    "url": "https://cdn.discordapp.com/emojis/1262173027278389248.png",
    "animated": false
  },
  {
    "id": "1262173048958619779",
    "name": "pepe_blush2",
    "url": "https://cdn.discordapp.com/emojis/1262173048958619779.png",
    "animated": false
  },
  {
    "id": "1262173070647365674",
    "name": "pepe_bobmarley",
    "url": "https://cdn.discordapp.com/emojis/1262173070647365674.png",
    "animated": false
  },
  {
    "id": "1262173092231381114",
    "name": "pepe_pete_son_crane",
    "url": "https://cdn.discordapp.com/emojis/1262173092231381114.png",
    "animated": false
  },
  {
    "id": "1262173114373247049",
    "name": "etoile_luma1",
    "url": "https://cdn.discordapp.com/emojis/1262173114373247049.png",
    "animated": false
  },
  {
    "id": "1262173135990423603",
    "name": "etoile_luma",
    "url": "https://cdn.discordapp.com/emojis/1262173135990423603.png",
    "animated": false
  },
  {
    "id": "1262173157914316821",
    "name": "etoile_luma",
    "url": "https://cdn.discordapp.com/emojis/1262173157914316821.png",
    "animated": false
  },
  {
    "id": "1262173179351400449",
    "name": "etoile1",
    "url": "https://cdn.discordapp.com/emojis/1262173179351400449.png",
    "animated": false
  },
  {
    "id": "1262173201686069269",
    "name": "pepe_heureux",
    "url": "https://cdn.discordapp.com/emojis/1262173201686069269.png",
    "animated": false
  },
  {
    "id": "1262173223441924137",
    "name": "pepe_eyes",
    "url": "https://cdn.discordapp.com/emojis/1262173223441924137.png",
    "animated": false
  },
  {
    "id": "1262173244958572678",
    "name": "pepe_mamie",
    "url": "https://cdn.discordapp.com/emojis/1262173244958572678.png",
    "animated": false
  },
  {
    "id": "1262173266995314741",
    "name": "pepe_pisse",
    "url": "https://cdn.discordapp.com/emojis/1262173266995314741.png",
    "animated": false
  },
  {
    "id": "1262173288671608873",
    "name": "pepe_Hmmm",
    "url": "https://cdn.discordapp.com/emojis/1262173288671608873.png",
    "animated": false
  },
  {
    "id": "1262173310595108874",
    "name": "pepe_legit",
    "url": "https://cdn.discordapp.com/emojis/1262173310595108874.png",
    "animated": false
  },
  {
    "id": "1262173332439040101",
    "name": "pepe_cookie",
    "url": "https://cdn.discordapp.com/emojis/1262173332439040101.png",
    "animated": false
  },
  {
    "id": "1262173354362667108",
    "name": "pepe_Baller",
    "url": "https://cdn.discordapp.com/emojis/1262173354362667108.png",
    "animated": false
  },
  {
    "id": "1262173376395345972",
    "name": "pepe_CRY",
    "url": "https://cdn.discordapp.com/emojis/1262173376395345972.png",
    "animated": false
  },
  {
    "id": "1262173398222770346",
    "name": "pepe_assis",
    "url": "https://cdn.discordapp.com/emojis/1262173398222770346.png",
    "animated": false
  },
  {
    "id": "1262173420100124712",
    "name": "pepe_doffy",
    "url": "https://cdn.discordapp.com/emojis/1262173420100124712.png",
    "animated": false
  },
  {
    "id": "1262173441981812767",
    "name": "pepe_heart",
    "url": "https://cdn.discordapp.com/emojis/1262173441981812767.png",
    "animated": false
  },
  {
    "id": "1262173463762698335",
    "name": "pepe_maybe",
    "url": "https://cdn.discordapp.com/emojis/1262173463762698335.png",
    "animated": false
  },
  {
    "id": "1262173485573079203",
    "name": "pepe_longues_jambes",
    "url": "https://cdn.discordapp.com/emojis/1262173485573079203.png",
    "animated": false
  },
  {
    "id": "1262173507668803647",
    "name": "pepe_pray",
    "url": "https://cdn.discordapp.com/emojis/1262173507668803647.png",
    "animated": false
  },
  {
    "id": "1262173529219010691",
    "name": "pepe_simp",
    "url": "https://cdn.discordapp.com/emojis/1262173529219010691.png",
    "animated": false
  },
  {
    "id": "1262173551176454145",
    "name": "pepe_virus1",
    "url": "https://cdn.discordapp.com/emojis/1262173551176454145.png",
    "animated": false
  },
  {
    "id": "1262173572559015998",
    "name": "pepe_boost",
    "url": "https://cdn.discordapp.com/emojis/1262173572559015998.png",
    "animated": false
  },
  {
    "id": "1262173594771787859",
    "name": "pepe_roi",
    "url": "https://cdn.discordapp.com/emojis/1262173594771787859.png",
    "animated": false
  },
  {
    "id": "1262173616481632367",
    "name": "pepe_heart2",
    "url": "https://cdn.discordapp.com/emojis/1262173616481632367.png",
    "animated": false
  },
  {
    "id": "1262173638438686873",
    "name": "pepe_OhSurpris",
    "url": "https://cdn.discordapp.com/emojis/1262173638438686873.png",
    "animated": false
  },
  {
    "id": "1262173659947073627",
    "name": "pepe_policestop",
    "url": "https://cdn.discordapp.com/emojis/1262173659947073627.png",
    "animated": false
  },
  {
    "id": "1262173681833082912",
    "name": "pepe_bubz",
    "url": "https://cdn.discordapp.com/emojis/1262173681833082912.png",
    "animated": false
  },
  {
    "id": "1262173703534547107",
    "name": "pepe_transpire",
    "url": "https://cdn.discordapp.com/emojis/1262173703534547107.png",
    "animated": false
  },
  {
    "id": "1262173725571285073",
    "name": "pepe_noelpleure",
    "url": "https://cdn.discordapp.com/emojis/1262173725571285073.png",
    "animated": false
  },
  {
    "id": "1262173747746443265",
    "name": "pepe_nerver",
    "url": "https://cdn.discordapp.com/emojis/1262173747746443265.png",
    "animated": false
  },
  {
    "id": "1262173769619996792",
    "name": "icon_1money",
    "url": "https://cdn.discordapp.com/emojis/1262173769619996792.png",
    "animated": false
  },
  {
    "id": "1262173791619125301",
    "name": "icon_1diamond",
    "url": "https://cdn.discordapp.com/emojis/1262173791619125301.png",
    "animated": false
  },
  {
    "id": "1262173813433569323",
    "name": "icon_1crown",
    "url": "https://cdn.discordapp.com/emojis/1262173813433569323.png",
    "animated": false
  },
  {
    "id": "1262173835168448564",
    "name": "icon_1star",
    "url": "https://cdn.discordapp.com/emojis/1262173835168448564.png",
    "animated": false
  },
  {
    "id": "1262173879032483952",
    "name": "cyruslebg",
    "url": "https://cdn.discordapp.com/emojis/1262173879032483952.png",
    "animated": false
  },
  {
    "id": "1262173900985602059",
    "name": "gros_bdg",
    "url": "https://cdn.discordapp.com/emojis/1262173900985602059.png",
    "animated": false
  },
  {
    "id": "1262173923479654582",
    "name": "coeur",
    "url": "https://cdn.discordapp.com/emojis/1262173923479654582.png",
    "animated": false
  },
  {
    "id": "1262173967548944454",
    "name": "Nitro_Boost",
    "url": "https://cdn.discordapp.com/emojis/1262173967548944454.gif",
    "animated": true
  },
  {
    "id": "1262173989275570247",
    "name": "Nitro_Basic",
    "url": "https://cdn.discordapp.com/emojis/1262173989275570247.gif",
    "animated": true
  },
  {
    "id": "1262174010662453429",
    "name": "blade_yellow",
    "url": "https://cdn.discordapp.com/emojis/1262174010662453429.gif",
    "animated": true
  },
  {
    "id": "1262191144012480587",
    "name": "sou1lune",
    "url": "https://cdn.discordapp.com/emojis/1262191144012480587.gif",
    "animated": true
  },
  {
    "id": "1262496693018955937",
    "name": "fleche",
    "url": "https://cdn.discordapp.com/emojis/1262496693018955937.gif",
    "animated": true
  },
  {
    "id": "1267843914367500299",
    "name": "emoji_252",
    "url": "https://cdn.discordapp.com/emojis/1267843914367500299.png",
    "animated": false
  },
  {
    "id": "1268569263992733856",
    "name": "near",
    "url": "https://cdn.discordapp.com/emojis/1268569263992733856.png",
    "animated": false
  },
  {
    "id": "1268594973876686902",
    "name": "Bisensuelle",
    "url": "https://cdn.discordapp.com/emojis/1268594973876686902.png",
    "animated": false
  },
  {
    "id": "1278294331140214805",
    "name": "Nitro_Basic",
    "url": "https://cdn.discordapp.com/emojis/1278294331140214805.gif",
    "animated": true
  },
  {
    "id": "1278663151948271648",
    "name": "near",
    "url": "https://cdn.discordapp.com/emojis/1278663151948271648.png",
    "animated": false
  },
  {
    "id": "1285554986746646549",
    "name": "killuazoldyck",
    "url": "https://cdn.discordapp.com/emojis/1285554986746646549.gif",
    "animated": true
  },
  {
    "id": "1289906662601134141",
    "name": "9757pepeflip",
    "url": "https://cdn.discordapp.com/emojis/1289906662601134141.gif",
    "animated": true
  },
  {
    "id": "1292985722684575805",
    "name": "icon_mod",
    "url": "https://cdn.discordapp.com/emojis/1292985722684575805.png",
    "animated": false
  },
  {
    "id": "1292986810644955288",
    "name": "icon_heart",
    "url": "https://cdn.discordapp.com/emojis/1292986810644955288.png",
    "animated": false
  },
  {
    "id": "1293182640823996456",
    "name": "pink_heart",
    "url": "https://cdn.discordapp.com/emojis/1293182640823996456.png",
    "animated": false
  },
  {
    "id": "1299413349540560937",
    "name": "black_hearts",
    "url": "https://cdn.discordapp.com/emojis/1299413349540560937.gif",
    "animated": true
  },
  {
    "id": "1300153691575287869",
    "name": "voice",
    "url": "https://cdn.discordapp.com/emojis/1300153691575287869.png",
    "animated": false
  },
  {
    "id": "1300183908255662181",
    "name": "bassem",
    "url": "https://cdn.discordapp.com/emojis/1300183908255662181.png",
    "animated": false
  },
  {
    "id": "1300211760137109618",
    "name": "Shizoku_fleche",
    "url": "https://cdn.discordapp.com/emojis/1300211760137109618.png",
    "animated": false
  }
]