[
  {
    "id": "1285282315311906837",
    "name": "Ami",
    "url": "https://cdn.discordapp.com/emojis/1285282315311906837.png",
    "animated": false
  },
  {
    "id": "1285282316905746432",
    "name": "Coowner",
    "url": "https://cdn.discordapp.com/emojis/1285282316905746432.png",
    "animated": false
  },
  {
    "id": "1285282318021296210",
    "name": "Staff",
    "url": "https://cdn.discordapp.com/emojis/1285282318021296210.png",
    "animated": false
  },
  {
    "id": "1285282319812395018",
    "name": "Boost",
    "url": "https://cdn.discordapp.com/emojis/1285282319812395018.png",
    "animated": false
  },
  {
    "id": "1285282321859219659",
    "name": "Membre",
    "url": "https://cdn.discordapp.com/emojis/1285282321859219659.png",
    "animated": false
  },
  {
    "id": "1285282324115624009",
    "name": "VIP",
    "url": "https://cdn.discordapp.com/emojis/1285282324115624009.png",
    "animated": false
  },
  {
    "id": "1285282326447657013",
    "name": "VIP3",
    "url": "https://cdn.discordapp.com/emojis/1285282326447657013.png",
    "animated": false
  },
  {
    "id": "1285282328624631934",
    "name": "4817staff",
    "url": "https://cdn.discordapp.com/emojis/1285282328624631934.png",
    "animated": false
  },
  {
    "id": "1285282329933385758",
    "name": "22915developer",
    "url": "https://cdn.discordapp.com/emojis/1285282329933385758.png",
    "animated": false
  },
  {
    "id": "1285282331594063967",
    "name": "52175partner",
    "url": "https://cdn.discordapp.com/emojis/1285282331594063967.png",
    "animated": false
  },
  {
    "id": "1285282333741813854",
    "name": "75667partner",
    "url": "https://cdn.discordapp.com/emojis/1285282333741813854.png",
    "animated": false
  },
  {
    "id": "1285282336832753804",
    "name": "95319moderator",
    "url": "https://cdn.discordapp.com/emojis/1285282336832753804.png",
    "animated": false
  },
  {
    "id": "1285283714682847355",
    "name": "Kensu",
    "url": "https://cdn.discordapp.com/emojis/1285283714682847355.png",
    "animated": false
  },
  {
    "id": "1285283716834529362",
    "name": "Ner",
    "url": "https://cdn.discordapp.com/emojis/1285283716834529362.png",
    "animated": false
  },
  {
    "id": "1285332922882195499",
    "name": "Tundara",
    "url": "https://cdn.discordapp.com/emojis/1285332922882195499.png",
    "animated": false
  },
  {
    "id": "1285332969313271909",
    "name": "marioblj",
    "url": "https://cdn.discordapp.com/emojis/1285332969313271909.gif",
    "animated": true
  },
  {
    "id": "1285361636676341800",
    "name": "verif",
    "url": "https://cdn.discordapp.com/emojis/1285361636676341800.png",
    "animated": false
  },
  {
    "id": "1285376788662321212",
    "name": "loading",
    "url": "https://cdn.discordapp.com/emojis/1285376788662321212.gif",
    "animated": true
  },
  {
    "id": "1285378027920031785",
    "name": "lighting",
    "url": "https://cdn.discordapp.com/emojis/1285378027920031785.gif",
    "animated": true
  },
  {
    "id": "1285685756857159744",
    "name": "FlecheGIF",
    "url": "https://cdn.discordapp.com/emojis/1285685756857159744.gif",
    "animated": true
  },
  {
    "id": "1286056214983213188",
    "name": "Inviolable",
    "url": "https://cdn.discordapp.com/emojis/1286056214983213188.png",
    "animated": false
  },
  {
    "id": "1286684192448450612",
    "name": "Owner",
    "url": "https://cdn.discordapp.com/emojis/1286684192448450612.png",
    "animated": false
  },
  {
    "id": "1286688902228475914",
    "name": "nitro_boost1",
    "url": "https://cdn.discordapp.com/emojis/1286688902228475914.gif",
    "animated": true
  },
  {
    "id": "1286688977809838161",
    "name": "nitro_boost_gif",
    "url": "https://cdn.discordapp.com/emojis/1286688977809838161.gif",
    "animated": true
  },
  {
    "id": "1286689026388262974",
    "name": "nitro",
    "url": "https://cdn.discordapp.com/emojis/1286689026388262974.gif",
    "animated": true
  },
  {
    "id": "1287429287062012057",
    "name": "dsqzDQ",
    "url": "https://cdn.discordapp.com/emojis/1287429287062012057.gif",
    "animated": true
  },
  {
    "id": "1287585330819629200",
    "name": "image",
    "url": "https://cdn.discordapp.com/emojis/1287585330819629200.png",
    "animated": false
  },
  {
    "id": "1287589340364542055",
    "name": "image",
    "url": "https://cdn.discordapp.com/emojis/1287589340364542055.png",
    "animated": false
  }
]