[
  {
    "id": "1103030913497059360",
    "name": "1_mask",
    "url": "https://cdn.discordapp.com/emojis/1103030913497059360.png",
    "animated": false
  },
  {
    "id": "1103030918748307476",
    "name": "swayz",
    "url": "https://cdn.discordapp.com/emojis/1103030918748307476.png",
    "animated": false
  },
  {
    "id": "1103030923789869136",
    "name": "users",
    "url": "https://cdn.discordapp.com/emojis/1103030923789869136.png",
    "animated": false
  },
  {
    "id": "1103030928848203826",
    "name": "bmoon",
    "url": "https://cdn.discordapp.com/emojis/1103030928848203826.png",
    "animated": false
  },
  {
    "id": "1103030933835239528",
    "name": "bheart",
    "url": "https://cdn.discordapp.com/emojis/1103030933835239528.png",
    "animated": false
  },
  {
    "id": "1103030939094880326",
    "name": "1031263062918955189",
    "url": "https://cdn.discordapp.com/emojis/1103030939094880326.png",
    "animated": false
  },
  {
    "id": "1103030944023203960",
    "name": "1046829394263552021",
    "url": "https://cdn.discordapp.com/emojis/1103030944023203960.png",
    "animated": false
  },
  {
    "id": "1103030949194776587",
    "name": "ak47",
    "url": "https://cdn.discordapp.com/emojis/1103030949194776587.gif",
    "animated": true
  },
  {
    "id": "1103030954395697232",
    "name": "5653xoscythe",
    "url": "https://cdn.discordapp.com/emojis/1103030954395697232.gif",
    "animated": true
  },
  {
    "id": "1103030959353364621",
    "name": "1_cross",
    "url": "https://cdn.discordapp.com/emojis/1103030959353364621.png",
    "animated": false
  },
  {
    "id": "1103030999383822397",
    "name": "b_57",
    "url": "https://cdn.discordapp.com/emojis/1103030999383822397.png",
    "animated": false
  },
  {
    "id": "1103031004526022796",
    "name": "aylan_crown",
    "url": "https://cdn.discordapp.com/emojis/1103031004526022796.png",
    "animated": false
  },
  {
    "id": "1103031009550798948",
    "name": "ange",
    "url": "https://cdn.discordapp.com/emojis/1103031009550798948.png",
    "animated": false
  },
  {
    "id": "1103031015020167199",
    "name": "crown",
    "url": "https://cdn.discordapp.com/emojis/1103031015020167199.png",
    "animated": false
  },
  {
    "id": "1103031020338544650",
    "name": "goat",
    "url": "https://cdn.discordapp.com/emojis/1103031020338544650.png",
    "animated": false
  },
  {
    "id": "1103031025459789936",
    "name": "h_syringe",
    "url": "https://cdn.discordapp.com/emojis/1103031025459789936.gif",
    "animated": true
  },
  {
    "id": "1103031030526517291",
    "name": "searth",
    "url": "https://cdn.discordapp.com/emojis/1103031030526517291.gif",
    "animated": true
  },
  {
    "id": "1108791032994336819",
    "name": "87684756545",
    "url": "https://cdn.discordapp.com/emojis/1108791032994336819.png",
    "animated": false
  },
  {
    "id": "1108791234841034833",
    "name": "alert",
    "url": "https://cdn.discordapp.com/emojis/1108791234841034833.gif",
    "animated": true
  },
  {
    "id": "1146304829199749160",
    "name": "coc",
    "url": "https://cdn.discordapp.com/emojis/1146304829199749160.png",
    "animated": false
  },
  {
    "id": "1157295962973290567",
    "name": "dis_loading",
    "url": "https://cdn.discordapp.com/emojis/1157295962973290567.gif",
    "animated": true
  },
  {
    "id": "1157295999576969217",
    "name": "667",
    "url": "https://cdn.discordapp.com/emojis/1157295999576969217.png",
    "animated": false
  },
  {
    "id": "1157296104010940426",
    "name": "bl_loading",
    "url": "https://cdn.discordapp.com/emojis/1157296104010940426.gif",
    "animated": true
  },
  {
    "id": "1157296403488444467",
    "name": "Magik_Loading_Gun_Inv",
    "url": "https://cdn.discordapp.com/emojis/1157296403488444467.gif",
    "animated": true
  },
  {
    "id": "1157296471633305662",
    "name": "Crown_dark_blue",
    "url": "https://cdn.discordapp.com/emojis/1157296471633305662.gif",
    "animated": true
  },
  {
    "id": "1157296473713684621",
    "name": "Crown_dark_red",
    "url": "https://cdn.discordapp.com/emojis/1157296473713684621.gif",
    "animated": true
  },
  {
    "id": "1157296519758741666",
    "name": "dark_butterfly",
    "url": "https://cdn.discordapp.com/emojis/1157296519758741666.gif",
    "animated": true
  },
  {
    "id": "1157296577854050344",
    "name": "dark",
    "url": "https://cdn.discordapp.com/emojis/1157296577854050344.gif",
    "animated": true
  },
  {
    "id": "1157296639464181814",
    "name": "dark_ak",
    "url": "https://cdn.discordapp.com/emojis/1157296639464181814.png",
    "animated": false
  },
  {
    "id": "1157296709236428900",
    "name": "dark_uziyee",
    "url": "https://cdn.discordapp.com/emojis/1157296709236428900.gif",
    "animated": true
  },
  {
    "id": "1157296759006048307",
    "name": "zv_640pxYouTube_dark_icon_2017",
    "url": "https://cdn.discordapp.com/emojis/1157296759006048307.png",
    "animated": false
  },
  {
    "id": "1157296812227559486",
    "name": "dark1",
    "url": "https://cdn.discordapp.com/emojis/1157296812227559486.gif",
    "animated": true
  },
  {
    "id": "1157296912219779133",
    "name": "dark_blue_snowflake_discord",
    "url": "https://cdn.discordapp.com/emojis/1157296912219779133.png",
    "animated": false
  },
  {
    "id": "1157296957384040498",
    "name": "darkness",
    "url": "https://cdn.discordapp.com/emojis/1157296957384040498.png",
    "animated": false
  },
  {
    "id": "1157297033741357186",
    "name": "Dark_Flames",
    "url": "https://cdn.discordapp.com/emojis/1157297033741357186.gif",
    "animated": true
  },
  {
    "id": "1157297162284183565",
    "name": "pepe_goes_to_dark",
    "url": "https://cdn.discordapp.com/emojis/1157297162284183565.gif",
    "animated": true
  },
  {
    "id": "1157297165652205578",
    "name": "Dark_Cat",
    "url": "https://cdn.discordapp.com/emojis/1157297165652205578.gif",
    "animated": true
  },
  {
    "id": "1157297167178924152",
    "name": "Ania_dark_1",
    "url": "https://cdn.discordapp.com/emojis/1157297167178924152.png",
    "animated": false
  },
  {
    "id": "1157297170668601384",
    "name": "Dark_WhiteCrown",
    "url": "https://cdn.discordapp.com/emojis/1157297170668601384.gif",
    "animated": true
  },
  {
    "id": "1157297172316966963",
    "name": "3_smiletear_dark",
    "url": "https://cdn.discordapp.com/emojis/1157297172316966963.png",
    "animated": false
  },
  {
    "id": "1157297377812684820",
    "name": "sus_demonio_dark",
    "url": "https://cdn.discordapp.com/emojis/1157297377812684820.gif",
    "animated": true
  },
  {
    "id": "1157297380274733136",
    "name": "Start_an_Activity_dark",
    "url": "https://cdn.discordapp.com/emojis/1157297380274733136.png",
    "animated": false
  },
  {
    "id": "1157297381671448607",
    "name": "baixinha3_dark",
    "url": "https://cdn.discordapp.com/emojis/1157297381671448607.png",
    "animated": false
  },
  {
    "id": "1157297383462424647",
    "name": "dark_partner",
    "url": "https://cdn.discordapp.com/emojis/1157297383462424647.png",
    "animated": false
  },
  {
    "id": "1157297413300686919",
    "name": "pepe_dark",
    "url": "https://cdn.discordapp.com/emojis/1157297413300686919.png",
    "animated": false
  },
  {
    "id": "1157297487149809664",
    "name": "Guild_owner_dark_theme",
    "url": "https://cdn.discordapp.com/emojis/1157297487149809664.png",
    "animated": false
  },
  {
    "id": "1157297580229787719",
    "name": "dark_pink_gem",
    "url": "https://cdn.discordapp.com/emojis/1157297580229787719.png",
    "animated": false
  },
  {
    "id": "1157297582473744447",
    "name": "dark_green_staff_badge",
    "url": "https://cdn.discordapp.com/emojis/1157297582473744447.png",
    "animated": false
  },
  {
    "id": "1157297722630602865",
    "name": "darkness_embarrassed",
    "url": "https://cdn.discordapp.com/emojis/1157297722630602865.png",
    "animated": false
  },
  {
    "id": "1157297924548603916",
    "name": "Turn_On_Camera_dark",
    "url": "https://cdn.discordapp.com/emojis/1157297924548603916.png",
    "animated": false
  },
  {
    "id": "1157297927300055161",
    "name": "Dark_NitroBoost",
    "url": "https://cdn.discordapp.com/emojis/1157297927300055161.png",
    "animated": false
  },
  {
    "id": "1157297928713556018",
    "name": "Dark_RNo",
    "url": "https://cdn.discordapp.com/emojis/1157297928713556018.png",
    "animated": false
  },
  {
    "id": "1157297930248654890",
    "name": "dark_emoji2",
    "url": "https://cdn.discordapp.com/emojis/1157297930248654890.png",
    "animated": false
  },
  {
    "id": "1157297932291293244",
    "name": "Boost_Level_2_dark",
    "url": "https://cdn.discordapp.com/emojis/1157297932291293244.png",
    "animated": false
  },
  {
    "id": "1157297933667008592",
    "name": "dark_blue_triangle",
    "url": "https://cdn.discordapp.com/emojis/1157297933667008592.png",
    "animated": false
  },
  {
    "id": "1157298105960632401",
    "name": "dark_blue1",
    "url": "https://cdn.discordapp.com/emojis/1157298105960632401.png",
    "animated": false
  },
  {
    "id": "1157298107181183046",
    "name": "W_emo_dark_dastrevas",
    "url": "https://cdn.discordapp.com/emojis/1157298107181183046.png",
    "animated": false
  },
  {
    "id": "1157298109458694215",
    "name": "dark_memes_6",
    "url": "https://cdn.discordapp.com/emojis/1157298109458694215.png",
    "animated": false
  },
  {
    "id": "1157298111148982282",
    "name": "joe_dark",
    "url": "https://cdn.discordapp.com/emojis/1157298111148982282.png",
    "animated": false
  },
  {
    "id": "1157298113355198544",
    "name": "Rules_icon_Dark_Green",
    "url": "https://cdn.discordapp.com/emojis/1157298113355198544.png",
    "animated": false
  },
  {
    "id": "1157298186776485890",
    "name": "Wazowski_dark",
    "url": "https://cdn.discordapp.com/emojis/1157298186776485890.png",
    "animated": false
  },
  {
    "id": "1157298189020438541",
    "name": "Dark_NitroBoostT2",
    "url": "https://cdn.discordapp.com/emojis/1157298189020438541.png",
    "animated": false
  },
  {
    "id": "1157298190857551963",
    "name": "darkness1",
    "url": "https://cdn.discordapp.com/emojis/1157298190857551963.png",
    "animated": false
  },
  {
    "id": "1157298192447197204",
    "name": "pensive_dark",
    "url": "https://cdn.discordapp.com/emojis/1157298192447197204.png",
    "animated": false
  },
  {
    "id": "1157298263494512640",
    "name": "LOL_Logo",
    "url": "https://cdn.discordapp.com/emojis/1157298263494512640.png",
    "animated": false
  },
  {
    "id": "1157298266409554031",
    "name": "HH_Memes_LOL",
    "url": "https://cdn.discordapp.com/emojis/1157298266409554031.png",
    "animated": false
  },
  {
    "id": "1157298406029537310",
    "name": "troll_skull",
    "url": "https://cdn.discordapp.com/emojis/1157298406029537310.png",
    "animated": false
  },
  {
    "id": "1157298408495783956",
    "name": "Troll_Emoji",
    "url": "https://cdn.discordapp.com/emojis/1157298408495783956.png",
    "animated": false
  },
  {
    "id": "1157298410714574878",
    "name": "memes_gif_trolls_6",
    "url": "https://cdn.discordapp.com/emojis/1157298410714574878.gif",
    "animated": true
  },
  {
    "id": "1157298412870443051",
    "name": "realistic_troll",
    "url": "https://cdn.discordapp.com/emojis/1157298412870443051.png",
    "animated": false
  },
  {
    "id": "1157319513126223942",
    "name": "black_reaper",
    "url": "https://cdn.discordapp.com/emojis/1157319513126223942.gif",
    "animated": true
  },
  {
    "id": "1157319514829099178",
    "name": "moving_black_amongus",
    "url": "https://cdn.discordapp.com/emojis/1157319514829099178.gif",
    "animated": true
  },
  {
    "id": "1157319518377488526",
    "name": "black_pornhubUNB",
    "url": "https://cdn.discordapp.com/emojis/1157319518377488526.gif",
    "animated": true
  },
  {
    "id": "1157319520759844864",
    "name": "facesmash_black",
    "url": "https://cdn.discordapp.com/emojis/1157319520759844864.gif",
    "animated": true
  },
  {
    "id": "1157319522097844314",
    "name": "Wrldwide_black_stfu",
    "url": "https://cdn.discordapp.com/emojis/1157319522097844314.gif",
    "animated": true
  },
  {
    "id": "1157319525197426710",
    "name": "black_isqueiro",
    "url": "https://cdn.discordapp.com/emojis/1157319525197426710.gif",
    "animated": true
  },
  {
    "id": "1157319526938058832",
    "name": "black_emojis5",
    "url": "https://cdn.discordapp.com/emojis/1157319526938058832.gif",
    "animated": true
  },
  {
    "id": "1157319528942927952",
    "name": "w_black",
    "url": "https://cdn.discordapp.com/emojis/1157319528942927952.gif",
    "animated": true
  },
  {
    "id": "1157319546814857287",
    "name": "diamond_black",
    "url": "https://cdn.discordapp.com/emojis/1157319546814857287.gif",
    "animated": true
  },
  {
    "id": "1157319549654409236",
    "name": "black_lua",
    "url": "https://cdn.discordapp.com/emojis/1157319549654409236.gif",
    "animated": true
  },
  {
    "id": "1157319551365697638",
    "name": "Black_CoraInstaCDL",
    "url": "https://cdn.discordapp.com/emojis/1157319551365697638.gif",
    "animated": true
  },
  {
    "id": "1157319554213626006",
    "name": "j_black_infinity_FGC",
    "url": "https://cdn.discordapp.com/emojis/1157319554213626006.gif",
    "animated": true
  },
  {
    "id": "1157319555455123601",
    "name": "black_nitro",
    "url": "https://cdn.discordapp.com/emojis/1157319555455123601.gif",
    "animated": true
  },
  {
    "id": "1157319558772830310",
    "name": "discord_boost_black",
    "url": "https://cdn.discordapp.com/emojis/1157319558772830310.gif",
    "animated": true
  },
  {
    "id": "1157319560018542625",
    "name": "Black_Sparks",
    "url": "https://cdn.discordapp.com/emojis/1157319560018542625.gif",
    "animated": true
  },
  {
    "id": "1157319568541368420",
    "name": "black_satan",
    "url": "https://cdn.discordapp.com/emojis/1157319568541368420.gif",
    "animated": true
  },
  {
    "id": "1157319571066335302",
    "name": "black_cross1",
    "url": "https://cdn.discordapp.com/emojis/1157319571066335302.gif",
    "animated": true
  },
  {
    "id": "1157319572328808449",
    "name": "aa_star_black",
    "url": "https://cdn.discordapp.com/emojis/1157319572328808449.gif",
    "animated": true
  },
  {
    "id": "1157319573658419311",
    "name": "black_star",
    "url": "https://cdn.discordapp.com/emojis/1157319573658419311.gif",
    "animated": true
  },
  {
    "id": "1157319576778981507",
    "name": "black_siren_alert",
    "url": "https://cdn.discordapp.com/emojis/1157319576778981507.gif",
    "animated": true
  },
  {
    "id": "1157319579287179294",
    "name": "Card_Black",
    "url": "https://cdn.discordapp.com/emojis/1157319579287179294.gif",
    "animated": true
  },
  {
    "id": "1157319581438857346",
    "name": "black_ponto",
    "url": "https://cdn.discordapp.com/emojis/1157319581438857346.gif",
    "animated": true
  },
  {
    "id": "1157319588372041818",
    "name": "BLACK_CROSS",
    "url": "https://cdn.discordapp.com/emojis/1157319588372041818.gif",
    "animated": true
  },
  {
    "id": "1157319589949079682",
    "name": "2_weapon",
    "url": "https://cdn.discordapp.com/emojis/1157319589949079682.gif",
    "animated": true
  },
  {
    "id": "1157319592004300901",
    "name": "Icon_weapon_HK416",
    "url": "https://cdn.discordapp.com/emojis/1157319592004300901.png",
    "animated": false
  },
  {
    "id": "1157319593459732552",
    "name": "WEAPON_MACHETE",
    "url": "https://cdn.discordapp.com/emojis/1157319593459732552.png",
    "animated": false
  },
  {
    "id": "1157319596353794088",
    "name": "WEAPON_PISTOL",
    "url": "https://cdn.discordapp.com/emojis/1157319596353794088.png",
    "animated": false
  },
  {
    "id": "1157319885580415046",
    "name": "Dark_Youtube",
    "url": "https://cdn.discordapp.com/emojis/1157319885580415046.png",
    "animated": false
  },
  {
    "id": "1157319888021499995",
    "name": "Dark_blue",
    "url": "https://cdn.discordapp.com/emojis/1157319888021499995.png",
    "animated": false
  },
  {
    "id": "1157659518323408986",
    "name": "crown",
    "url": "https://cdn.discordapp.com/emojis/1157659518323408986.png",
    "animated": false
  },
  {
    "id": "1157659719008272434",
    "name": "premium_crown",
    "url": "https://cdn.discordapp.com/emojis/1157659719008272434.png",
    "animated": false
  },
  {
    "id": "1157659721503871036",
    "name": "green_weed",
    "url": "https://cdn.discordapp.com/emojis/1157659721503871036.png",
    "animated": false
  },
  {
    "id": "1157659723219353671",
    "name": "High_On_Weed_Inv",
    "url": "https://cdn.discordapp.com/emojis/1157659723219353671.png",
    "animated": false
  },
  {
    "id": "1157659725824000040",
    "name": "WHITE_Weed",
    "url": "https://cdn.discordapp.com/emojis/1157659725824000040.png",
    "animated": false
  },
  {
    "id": "1157659726864187393",
    "name": "DOXED",
    "url": "https://cdn.discordapp.com/emojis/1157659726864187393.png",
    "animated": false
  },
  {
    "id": "1157659728630001684",
    "name": "crown_diamond2",
    "url": "https://cdn.discordapp.com/emojis/1157659728630001684.gif",
    "animated": true
  },
  {
    "id": "1157659731364688042",
    "name": "crown",
    "url": "https://cdn.discordapp.com/emojis/1157659731364688042.png",
    "animated": false
  },
  {
    "id": "1157659734330060920",
    "name": "avj_crown",
    "url": "https://cdn.discordapp.com/emojis/1157659734330060920.gif",
    "animated": true
  },
  {
    "id": "1157659782673604608",
    "name": "sluttie_black_crown",
    "url": "https://cdn.discordapp.com/emojis/1157659782673604608.png",
    "animated": false
  },
  {
    "id": "1157659784489746476",
    "name": "Weeds",
    "url": "https://cdn.discordapp.com/emojis/1157659784489746476.png",
    "animated": false
  },
  {
    "id": "1157659786775642172",
    "name": "weed4",
    "url": "https://cdn.discordapp.com/emojis/1157659786775642172.gif",
    "animated": true
  },
  {
    "id": "1157659789384495174",
    "name": "weed3",
    "url": "https://cdn.discordapp.com/emojis/1157659789384495174.gif",
    "animated": true
  },
  {
    "id": "1157659792626688061",
    "name": "weed2",
    "url": "https://cdn.discordapp.com/emojis/1157659792626688061.gif",
    "animated": true
  },
  {
    "id": "1157659795839516693",
    "name": "weed_joint1",
    "url": "https://cdn.discordapp.com/emojis/1157659795839516693.gif",
    "animated": true
  },
  {
    "id": "1157659799752822894",
    "name": "weed1",
    "url": "https://cdn.discordapp.com/emojis/1157659799752822894.gif",
    "animated": true
  },
  {
    "id": "1157659801069817886",
    "name": "Weed1",
    "url": "https://cdn.discordapp.com/emojis/1157659801069817886.png",
    "animated": false
  },
  {
    "id": "1157659804098117685",
    "name": "weed",
    "url": "https://cdn.discordapp.com/emojis/1157659804098117685.gif",
    "animated": true
  },
  {
    "id": "1157659805486415892",
    "name": "WEED",
    "url": "https://cdn.discordapp.com/emojis/1157659805486415892.png",
    "animated": false
  },
  {
    "id": "1157659807801692203",
    "name": "uwu",
    "url": "https://cdn.discordapp.com/emojis/1157659807801692203.png",
    "animated": false
  },
  {
    "id": "1157659809982722078",
    "name": "ram_uwu",
    "url": "https://cdn.discordapp.com/emojis/1157659809982722078.png",
    "animated": false
  },
  {
    "id": "1157659813921181819",
    "name": "uwu",
    "url": "https://cdn.discordapp.com/emojis/1157659813921181819.gif",
    "animated": true
  },
  {
    "id": "1157659815611473920",
    "name": "UwU_GT",
    "url": "https://cdn.discordapp.com/emojis/1157659815611473920.png",
    "animated": false
  },
  {
    "id": "1157659818752999485",
    "name": "nigger3",
    "url": "https://cdn.discordapp.com/emojis/1157659818752999485.png",
    "animated": false
  },
  {
    "id": "1157659822083285092",
    "name": "ni",
    "url": "https://cdn.discordapp.com/emojis/1157659822083285092.gif",
    "animated": true
  },
  {
    "id": "1157659823593234562",
    "name": "nigger2",
    "url": "https://cdn.discordapp.com/emojis/1157659823593234562.png",
    "animated": false
  },
  {
    "id": "1157659826109816874",
    "name": "fuck_off_nigger",
    "url": "https://cdn.discordapp.com/emojis/1157659826109816874.png",
    "animated": false
  },
  {
    "id": "1157661317696585738",
    "name": "crown1",
    "url": "https://cdn.discordapp.com/emojis/1157661317696585738.png",
    "animated": false
  },
  {
    "id": "1157661745628844042",
    "name": "crown2",
    "url": "https://cdn.discordapp.com/emojis/1157661745628844042.png",
    "animated": false
  },
  {
    "id": "1157661944258502706",
    "name": "blob_fail",
    "url": "https://cdn.discordapp.com/emojis/1157661944258502706.png",
    "animated": false
  },
  {
    "id": "1157661946951237632",
    "name": "NIGGER1",
    "url": "https://cdn.discordapp.com/emojis/1157661946951237632.png",
    "animated": false
  },
  {
    "id": "1157661948322775212",
    "name": "nigger",
    "url": "https://cdn.discordapp.com/emojis/1157661948322775212.png",
    "animated": false
  },
  {
    "id": "1157661951644672050",
    "name": "hacker",
    "url": "https://cdn.discordapp.com/emojis/1157661951644672050.png",
    "animated": false
  },
  {
    "id": "1157661953196560444",
    "name": "hacker_ko_maro",
    "url": "https://cdn.discordapp.com/emojis/1157661953196560444.gif",
    "animated": true
  },
  {
    "id": "1157661956111605810",
    "name": "cats_gato_hacker",
    "url": "https://cdn.discordapp.com/emojis/1157661956111605810.gif",
    "animated": true
  },
  {
    "id": "1157661958879846491",
    "name": "HACKER1",
    "url": "https://cdn.discordapp.com/emojis/1157661958879846491.gif",
    "animated": true
  },
  {
    "id": "1157661962554056815",
    "name": "XMAS_Hacker",
    "url": "https://cdn.discordapp.com/emojis/1157661962554056815.gif",
    "animated": true
  },
  {
    "id": "1157661965037092905",
    "name": "Hacker",
    "url": "https://cdn.discordapp.com/emojis/1157661965037092905.gif",
    "animated": true
  },
  {
    "id": "1157661967331377192",
    "name": "astolfo_hacker",
    "url": "https://cdn.discordapp.com/emojis/1157661967331377192.gif",
    "animated": true
  },
  {
    "id": "1157661970225430558",
    "name": "hacker_memes",
    "url": "https://cdn.discordapp.com/emojis/1157661970225430558.gif",
    "animated": true
  },
  {
    "id": "1157661972209344575",
    "name": "EL_Pepe_Hacker",
    "url": "https://cdn.discordapp.com/emojis/1157661972209344575.gif",
    "animated": true
  },
  {
    "id": "1157661975376056370",
    "name": "panda_hacker",
    "url": "https://cdn.discordapp.com/emojis/1157661975376056370.gif",
    "animated": true
  },
  {
    "id": "1157661977557073971",
    "name": "Icon_hacker",
    "url": "https://cdn.discordapp.com/emojis/1157661977557073971.png",
    "animated": false
  },
  {
    "id": "1157661980967047188",
    "name": "Peepo_Hacker",
    "url": "https://cdn.discordapp.com/emojis/1157661980967047188.gif",
    "animated": true
  },
  {
    "id": "1157662030812155996",
    "name": "kermit_fail",
    "url": "https://cdn.discordapp.com/emojis/1157662030812155996.png",
    "animated": false
  },
  {
    "id": "1157665755215704135",
    "name": "diamond_pickaxe",
    "url": "https://cdn.discordapp.com/emojis/1157665755215704135.png",
    "animated": false
  },
  {
    "id": "1157665762375389244",
    "name": "big_brain",
    "url": "https://cdn.discordapp.com/emojis/1157665762375389244.gif",
    "animated": true
  },
  {
    "id": "1157665766376738907",
    "name": "cosmic_brain",
    "url": "https://cdn.discordapp.com/emojis/1157665766376738907.gif",
    "animated": true
  },
  {
    "id": "1157698016476672060",
    "name": "boost_stuff",
    "url": "https://cdn.discordapp.com/emojis/1157698016476672060.gif",
    "animated": true
  },
  {
    "id": "1157698043936788561",
    "name": "nitro_boost_gif",
    "url": "https://cdn.discordapp.com/emojis/1157698043936788561.gif",
    "animated": true
  },
  {
    "id": "1157698046545641492",
    "name": "discord_badge",
    "url": "https://cdn.discordapp.com/emojis/1157698046545641492.gif",
    "animated": true
  },
  {
    "id": "1157698053898252323",
    "name": "nitro_boost1",
    "url": "https://cdn.discordapp.com/emojis/1157698053898252323.gif",
    "animated": true
  },
  {
    "id": "1157698211365015602",
    "name": "Heist_pepe_KOP",
    "url": "https://cdn.discordapp.com/emojis/1157698211365015602.gif",
    "animated": true
  },
  {
    "id": "1157698238627991552",
    "name": "pepe_laugh",
    "url": "https://cdn.discordapp.com/emojis/1157698238627991552.gif",
    "animated": true
  },
  {
    "id": "1157698272492798003",
    "name": "pepe_naruto",
    "url": "https://cdn.discordapp.com/emojis/1157698272492798003.gif",
    "animated": true
  },
  {
    "id": "1157698283381215243",
    "name": "emotional_pepe",
    "url": "https://cdn.discordapp.com/emojis/1157698283381215243.gif",
    "animated": true
  },
  {
    "id": "1157698304407261214",
    "name": "pepe_sausage",
    "url": "https://cdn.discordapp.com/emojis/1157698304407261214.gif",
    "animated": true
  },
  {
    "id": "1157698470191304766",
    "name": "LC_pink_diamond_spinning_heart",
    "url": "https://cdn.discordapp.com/emojis/1157698470191304766.gif",
    "animated": true
  },
  {
    "id": "1157698488876937266",
    "name": "pepe_enchanted_diamond_sword",
    "url": "https://cdn.discordapp.com/emojis/1157698488876937266.gif",
    "animated": true
  },
  {
    "id": "1157698509802319992",
    "name": "badge_active_developer",
    "url": "https://cdn.discordapp.com/emojis/1157698509802319992.png",
    "animated": false
  },
  {
    "id": "1157698511320653924",
    "name": "all_discord_badges_gif",
    "url": "https://cdn.discordapp.com/emojis/1157698511320653924.gif",
    "animated": true
  },
  {
    "id": "1157698514332172368",
    "name": "badge_hype",
    "url": "https://cdn.discordapp.com/emojis/1157698514332172368.gif",
    "animated": true
  },
  {
    "id": "1157698517805060219",
    "name": "badge_animatedpartner",
    "url": "https://cdn.discordapp.com/emojis/1157698517805060219.gif",
    "animated": true
  },
  {
    "id": "1157698541951664309",
    "name": "badge_verified_mod",
    "url": "https://cdn.discordapp.com/emojis/1157698541951664309.png",
    "animated": false
  },
  {
    "id": "1157698545760084028",
    "name": "Ohad_Badge_Bug_Hunter",
    "url": "https://cdn.discordapp.com/emojis/1157698545760084028.png",
    "animated": false
  },
  {
    "id": "1157698547454586932",
    "name": "Badge_Discord_Staff",
    "url": "https://cdn.discordapp.com/emojis/1157698547454586932.png",
    "animated": false
  },
  {
    "id": "1157698550898110604",
    "name": "hype_squad_badge",
    "url": "https://cdn.discordapp.com/emojis/1157698550898110604.png",
    "animated": false
  },
  {
    "id": "1157698554035454074",
    "name": "king_of_the_hat_badge",
    "url": "https://cdn.discordapp.com/emojis/1157698554035454074.png",
    "animated": false
  },
  {
    "id": "1157698555935473756",
    "name": "king_of_the_hat_bravery_badge",
    "url": "https://cdn.discordapp.com/emojis/1157698555935473756.png",
    "animated": false
  },
  {
    "id": "1157698558565290065",
    "name": "Badge_Discord_Bug_Hunter_2",
    "url": "https://cdn.discordapp.com/emojis/1157698558565290065.png",
    "animated": false
  },
  {
    "id": "1157698560603730061",
    "name": "asg_staff_badge",
    "url": "https://cdn.discordapp.com/emojis/1157698560603730061.png",
    "animated": false
  },
  {
    "id": "1157698563359375360",
    "name": "DBE_badge_muted",
    "url": "https://cdn.discordapp.com/emojis/1157698563359375360.png",
    "animated": false
  },
  {
    "id": "1157698572016439408",
    "name": "Pepe_Drift",
    "url": "https://cdn.discordapp.com/emojis/1157698572016439408.gif",
    "animated": true
  },
  {
    "id": "1157698576256868542",
    "name": "pepe_schild_Scam",
    "url": "https://cdn.discordapp.com/emojis/1157698576256868542.gif",
    "animated": true
  },
  {
    "id": "1157698582074368112",
    "name": "PePe_deal",
    "url": "https://cdn.discordapp.com/emojis/1157698582074368112.gif",
    "animated": true
  },
  {
    "id": "1157698585719222345",
    "name": "Pepe_DiscoDJ",
    "url": "https://cdn.discordapp.com/emojis/1157698585719222345.gif",
    "animated": true
  },
  {
    "id": "1157698587325632544",
    "name": "pepe_strapped_animated",
    "url": "https://cdn.discordapp.com/emojis/1157698587325632544.gif",
    "animated": true
  },
  {
    "id": "1157698606652997672",
    "name": "Pepe_Police_Dog",
    "url": "https://cdn.discordapp.com/emojis/1157698606652997672.gif",
    "animated": true
  },
  {
    "id": "1157698610427871312",
    "name": "pepe_4k_leave",
    "url": "https://cdn.discordapp.com/emojis/1157698610427871312.gif",
    "animated": true
  },
  {
    "id": "1157698639200792658",
    "name": "memes_pepe_shooting",
    "url": "https://cdn.discordapp.com/emojis/1157698639200792658.gif",
    "animated": true
  },
  {
    "id": "1157698641293754459",
    "name": "Pepe_King_Animated",
    "url": "https://cdn.discordapp.com/emojis/1157698641293754459.gif",
    "animated": true
  },
  {
    "id": "1157698644309450792",
    "name": "pepe_licktoes",
    "url": "https://cdn.discordapp.com/emojis/1157698644309450792.gif",
    "animated": true
  },
  {
    "id": "1157698647526494238",
    "name": "pepe_naruto1",
    "url": "https://cdn.discordapp.com/emojis/1157698647526494238.gif",
    "animated": true
  },
  {
    "id": "1157698657915772978",
    "name": "big_brain_think",
    "url": "https://cdn.discordapp.com/emojis/1157698657915772978.gif",
    "animated": true
  },
  {
    "id": "1157699384167907398",
    "name": "dox",
    "url": "https://cdn.discordapp.com/emojis/1157699384167907398.gif",
    "animated": true
  },
  {
    "id": "1157799179335241841",
    "name": "SouthPark_Cartman",
    "url": "https://cdn.discordapp.com/emojis/1157799179335241841.gif",
    "animated": true
  },
  {
    "id": "1157799182262878339",
    "name": "SouthPark_Ynnek",
    "url": "https://cdn.discordapp.com/emojis/1157799182262878339.png",
    "animated": false
  },
  {
    "id": "1157799368716464188",
    "name": "SouthPark_Kenny",
    "url": "https://cdn.discordapp.com/emojis/1157799368716464188.gif",
    "animated": true
  },
  {
    "id": "1157799370167689226",
    "name": "southpark",
    "url": "https://cdn.discordapp.com/emojis/1157799370167689226.gif",
    "animated": true
  },
  {
    "id": "1157799373242118144",
    "name": "SouthPark_Stan",
    "url": "https://cdn.discordapp.com/emojis/1157799373242118144.gif",
    "animated": true
  },
  {
    "id": "1157799376060698655",
    "name": "SouthPark_Butters",
    "url": "https://cdn.discordapp.com/emojis/1157799376060698655.gif",
    "animated": true
  },
  {
    "id": "1157800168339550318",
    "name": "swat",
    "url": "https://cdn.discordapp.com/emojis/1157800168339550318.png",
    "animated": false
  },
  {
    "id": "1157800171397185670",
    "name": "swatted",
    "url": "https://cdn.discordapp.com/emojis/1157800171397185670.gif",
    "animated": true
  },
  {
    "id": "1157800173146210344",
    "name": "Pepe_Swat",
    "url": "https://cdn.discordapp.com/emojis/1157800173146210344.png",
    "animated": false
  },
  {
    "id": "1157800284324638790",
    "name": "swat",
    "url": "https://cdn.discordapp.com/emojis/1157800284324638790.gif",
    "animated": true
  },
  {
    "id": "1157801670122684446",
    "name": "roblox_loading",
    "url": "https://cdn.discordapp.com/emojis/1157801670122684446.gif",
    "animated": true
  },
  {
    "id": "1157801671527764018",
    "name": "loading_green",
    "url": "https://cdn.discordapp.com/emojis/1157801671527764018.gif",
    "animated": true
  },
  {
    "id": "1157801685037629452",
    "name": "loading",
    "url": "https://cdn.discordapp.com/emojis/1157801685037629452.gif",
    "animated": true
  },
  {
    "id": "1157801688468561990",
    "name": "Experiences_failed_to_load",
    "url": "https://cdn.discordapp.com/emojis/1157801688468561990.png",
    "animated": false
  },
  {
    "id": "1157801691064840282",
    "name": "item_loading",
    "url": "https://cdn.discordapp.com/emojis/1157801691064840282.gif",
    "animated": true
  },
  {
    "id": "1157801694483198012",
    "name": "Animated_Loading_3",
    "url": "https://cdn.discordapp.com/emojis/1157801694483198012.gif",
    "animated": true
  },
  {
    "id": "1157801695653408820",
    "name": "loading1",
    "url": "https://cdn.discordapp.com/emojis/1157801695653408820.gif",
    "animated": true
  },
  {
    "id": "1157801698383888524",
    "name": "JMI_discord_loading",
    "url": "https://cdn.discordapp.com/emojis/1157801698383888524.gif",
    "animated": true
  },
  {
    "id": "1157803522105036840",
    "name": "MineCraft_EnderDragon_Fly",
    "url": "https://cdn.discordapp.com/emojis/1157803522105036840.gif",
    "animated": true
  },
  {
    "id": "1157803524973928538",
    "name": "_Villager_",
    "url": "https://cdn.discordapp.com/emojis/1157803524973928538.png",
    "animated": false
  },
  {
    "id": "1157803526567764108",
    "name": "villager",
    "url": "https://cdn.discordapp.com/emojis/1157803526567764108.png",
    "animated": false
  },
  {
    "id": "1157803529151467650",
    "name": "villager_porta",
    "url": "https://cdn.discordapp.com/emojis/1157803529151467650.gif",
    "animated": true
  },
  {
    "id": "1157803530820788244",
    "name": "minecraft_cookie",
    "url": "https://cdn.discordapp.com/emojis/1157803530820788244.png",
    "animated": false
  },
  {
    "id": "1157803533467406376",
    "name": "9619_minecraft_slime",
    "url": "https://cdn.discordapp.com/emojis/1157803533467406376.png",
    "animated": false
  },
  {
    "id": "1157803534826344560",
    "name": "Minecraft_Obsidian",
    "url": "https://cdn.discordapp.com/emojis/1157803534826344560.png",
    "animated": false
  },
  {
    "id": "1157803537582002226",
    "name": "Minecraft_3",
    "url": "https://cdn.discordapp.com/emojis/1157803537582002226.gif",
    "animated": true
  },
  {
    "id": "1157803540555767848",
    "name": "logo_minecraft",
    "url": "https://cdn.discordapp.com/emojis/1157803540555767848.png",
    "animated": false
  },
  {
    "id": "1157803544037048403",
    "name": "Minecraft_Beef",
    "url": "https://cdn.discordapp.com/emojis/1157803544037048403.png",
    "animated": false
  },
  {
    "id": "1157803546452955278",
    "name": "d3",
    "url": "https://cdn.discordapp.com/emojis/1157803546452955278.gif",
    "animated": true
  },
  {
    "id": "1157803550018129950",
    "name": "Minecraft_Piglin_Dance",
    "url": "https://cdn.discordapp.com/emojis/1157803550018129950.gif",
    "animated": true
  },
  {
    "id": "1157803553453248684",
    "name": "MineCraft_GlowSquid",
    "url": "https://cdn.discordapp.com/emojis/1157803553453248684.gif",
    "animated": true
  },
  {
    "id": "1157803556309585930",
    "name": "minecraft_bee",
    "url": "https://cdn.discordapp.com/emojis/1157803556309585930.gif",
    "animated": true
  },
  {
    "id": "1157803560147374181",
    "name": "d1",
    "url": "https://cdn.discordapp.com/emojis/1157803560147374181.gif",
    "animated": true
  },
  {
    "id": "1157803569987211384",
    "name": "Minecraft_Mundo",
    "url": "https://cdn.discordapp.com/emojis/1157803569987211384.png",
    "animated": false
  },
  {
    "id": "1157803572105322506",
    "name": "Warden_Minecraft",
    "url": "https://cdn.discordapp.com/emojis/1157803572105322506.gif",
    "animated": true
  },
  {
    "id": "1157803574609313822",
    "name": "minecraft_chicken",
    "url": "https://cdn.discordapp.com/emojis/1157803574609313822.png",
    "animated": false
  },
  {
    "id": "1157803577130106991",
    "name": "d2",
    "url": "https://cdn.discordapp.com/emojis/1157803577130106991.gif",
    "animated": true
  },
  {
    "id": "1157803579529244672",
    "name": "minecraft_dab",
    "url": "https://cdn.discordapp.com/emojis/1157803579529244672.png",
    "animated": false
  },
  {
    "id": "1157998831082950736",
    "name": "cocrea",
    "url": "https://cdn.discordapp.com/emojis/1157998831082950736.png",
    "animated": false
  },
  {
    "id": "1157999972445331476",
    "name": "CG_Enchanted_Diamond_Sword",
    "url": "https://cdn.discordapp.com/emojis/1157999972445331476.gif",
    "animated": true
  },
  {
    "id": "1158003077970927626",
    "name": "fortniteduck",
    "url": "https://cdn.discordapp.com/emojis/1158003077970927626.gif",
    "animated": true
  },
  {
    "id": "1158003082219749436",
    "name": "9462_fortnitedance",
    "url": "https://cdn.discordapp.com/emojis/1158003082219749436.gif",
    "animated": true
  },
  {
    "id": "1158003086032392212",
    "name": "Minecraft_animated_frog",
    "url": "https://cdn.discordapp.com/emojis/1158003086032392212.gif",
    "animated": true
  },
  {
    "id": "1158003088305692682",
    "name": "d4",
    "url": "https://cdn.discordapp.com/emojis/1158003088305692682.gif",
    "animated": true
  },
  {
    "id": "1158003092269322392",
    "name": "robux",
    "url": "https://cdn.discordapp.com/emojis/1158003092269322392.gif",
    "animated": true
  },
  {
    "id": "1158003094718779502",
    "name": "sport_utility_vehicle",
    "url": "https://cdn.discordapp.com/emojis/1158003094718779502.gif",
    "animated": true
  },
  {
    "id": "1158003098099404840",
    "name": "ZippyRiri_Utility",
    "url": "https://cdn.discordapp.com/emojis/1158003098099404840.gif",
    "animated": true
  },
  {
    "id": "1158003100964098048",
    "name": "PepeCRY",
    "url": "https://cdn.discordapp.com/emojis/1158003100964098048.png",
    "animated": false
  },
  {
    "id": "1158003104898351175",
    "name": "WCRole",
    "url": "https://cdn.discordapp.com/emojis/1158003104898351175.png",
    "animated": false
  },
  {
    "id": "1158003106592866314",
    "name": "Discord_roles",
    "url": "https://cdn.discordapp.com/emojis/1158003106592866314.png",
    "animated": false
  },
  {
    "id": "1158003110271270952",
    "name": "rolesquidwarddance",
    "url": "https://cdn.discordapp.com/emojis/1158003110271270952.gif",
    "animated": true
  },
  {
    "id": "1158003111877677147",
    "name": "role_de_bike",
    "url": "https://cdn.discordapp.com/emojis/1158003111877677147.gif",
    "animated": true
  },
  {
    "id": "1158003114864037909",
    "name": "Roles",
    "url": "https://cdn.discordapp.com/emojis/1158003114864037909.png",
    "animated": false
  },
  {
    "id": "1158003123223265350",
    "name": "rolesupp",
    "url": "https://cdn.discordapp.com/emojis/1158003123223265350.png",
    "animated": false
  },
  {
    "id": "1158003131238588506",
    "name": "Role_Moderator",
    "url": "https://cdn.discordapp.com/emojis/1158003131238588506.png",
    "animated": false
  },
  {
    "id": "1158003133352513656",
    "name": "Role_Expert",
    "url": "https://cdn.discordapp.com/emojis/1158003133352513656.png",
    "animated": false
  },
  {
    "id": "1158003136426942626",
    "name": "role_owner",
    "url": "https://cdn.discordapp.com/emojis/1158003136426942626.png",
    "animated": false
  },
  {
    "id": "1158004592370528397",
    "name": "sussyamogusdanceamongussussyvent",
    "url": "https://cdn.discordapp.com/emojis/1158004592370528397.gif",
    "animated": true
  },
  {
    "id": "1158004594723532871",
    "name": "PepeNotFunny",
    "url": "https://cdn.discordapp.com/emojis/1158004594723532871.gif",
    "animated": true
  },
  {
    "id": "1158004597978316910",
    "name": "PepeSusSunglasses",
    "url": "https://cdn.discordapp.com/emojis/1158004597978316910.gif",
    "animated": true
  },
  {
    "id": "1158004602201972837",
    "name": "PepeAlarmMan",
    "url": "https://cdn.discordapp.com/emojis/1158004602201972837.gif",
    "animated": true
  },
  {
    "id": "1158004605754544198",
    "name": "pogfishanimated",
    "url": "https://cdn.discordapp.com/emojis/1158004605754544198.gif",
    "animated": true
  },
  {
    "id": "1158004608917045328",
    "name": "pepepoliceAnimated",
    "url": "https://cdn.discordapp.com/emojis/1158004608917045328.gif",
    "animated": true
  },
  {
    "id": "1158004612352196700",
    "name": "Rock_sus",
    "url": "https://cdn.discordapp.com/emojis/1158004612352196700.gif",
    "animated": true
  },
  {
    "id": "1158004614856200313",
    "name": "PepeShirtGachi",
    "url": "https://cdn.discordapp.com/emojis/1158004614856200313.gif",
    "animated": true
  },
  {
    "id": "1158004619247620236",
    "name": "PepeClapping",
    "url": "https://cdn.discordapp.com/emojis/1158004619247620236.gif",
    "animated": true
  },
  {
    "id": "1158004622796001331",
    "name": "pepePopcorn",
    "url": "https://cdn.discordapp.com/emojis/1158004622796001331.gif",
    "animated": true
  },
  {
    "id": "1158004626021437542",
    "name": "FightMePepe",
    "url": "https://cdn.discordapp.com/emojis/1158004626021437542.gif",
    "animated": true
  },
  {
    "id": "1158004628399595551",
    "name": "4pepeass",
    "url": "https://cdn.discordapp.com/emojis/1158004628399595551.gif",
    "animated": true
  },
  {
    "id": "1158004631645982843",
    "name": "Spooky_poggers",
    "url": "https://cdn.discordapp.com/emojis/1158004631645982843.gif",
    "animated": true
  },
  {
    "id": "1158004634934317066",
    "name": "pepenoted",
    "url": "https://cdn.discordapp.com/emojis/1158004634934317066.gif",
    "animated": true
  },
  {
    "id": "1158004640420474950",
    "name": "Pepecreditcard",
    "url": "https://cdn.discordapp.com/emojis/1158004640420474950.gif",
    "animated": true
  },
  {
    "id": "1158349052409303040",
    "name": "up_arrow_gif",
    "url": "https://cdn.discordapp.com/emojis/1158349052409303040.gif",
    "animated": true
  },
  {
    "id": "1158727774262018130",
    "name": "issou_gnant",
    "url": "https://cdn.discordapp.com/emojis/1158727774262018130.png",
    "animated": false
  },
  {
    "id": "1158727777323851850",
    "name": "reversee1",
    "url": "https://cdn.discordapp.com/emojis/1158727777323851850.png",
    "animated": false
  },
  {
    "id": "1158727778905112586",
    "name": "reversee",
    "url": "https://cdn.discordapp.com/emojis/1158727778905112586.png",
    "animated": false
  },
  {
    "id": "1158727782721917039",
    "name": "reversee",
    "url": "https://cdn.discordapp.com/emojis/1158727782721917039.gif",
    "animated": true
  },
  {
    "id": "1158727785032982588",
    "name": "issoued",
    "url": "https://cdn.discordapp.com/emojis/1158727785032982588.gif",
    "animated": true
  },
  {
    "id": "1158727789432807504",
    "name": "issou1",
    "url": "https://cdn.discordapp.com/emojis/1158727789432807504.gif",
    "animated": true
  },
  {
    "id": "1158727793761321000",
    "name": "issou",
    "url": "https://cdn.discordapp.com/emojis/1158727793761321000.gif",
    "animated": true
  },
  {
    "id": "1158727796881899590",
    "name": "issou_filme",
    "url": "https://cdn.discordapp.com/emojis/1158727796881899590.png",
    "animated": false
  },
  {
    "id": "1158727798937108532",
    "name": "issou_illafait",
    "url": "https://cdn.discordapp.com/emojis/1158727798937108532.png",
    "animated": false
  },
  {
    "id": "1158727802024099881",
    "name": "issou_haram",
    "url": "https://cdn.discordapp.com/emojis/1158727802024099881.png",
    "animated": false
  },
  {
    "id": "1158727803613745172",
    "name": "_issou_soldat",
    "url": "https://cdn.discordapp.com/emojis/1158727803613745172.png",
    "animated": false
  },
  {
    "id": "1158727806772051968",
    "name": "issou_drink",
    "url": "https://cdn.discordapp.com/emojis/1158727806772051968.png",
    "animated": false
  },
  {
    "id": "1158727816045670450",
    "name": "issou_itachi",
    "url": "https://cdn.discordapp.com/emojis/1158727816045670450.png",
    "animated": false
  },
  {
    "id": "1158727819459829800",
    "name": "issou_prof",
    "url": "https://cdn.discordapp.com/emojis/1158727819459829800.png",
    "animated": false
  },
  {
    "id": "1158727821720559716",
    "name": "issou",
    "url": "https://cdn.discordapp.com/emojis/1158727821720559716.png",
    "animated": false
  },
  {
    "id": "1162825442349285436",
    "name": "role_bot",
    "url": "https://cdn.discordapp.com/emojis/1162825442349285436.png",
    "animated": false
  },
  {
    "id": "1180303876172292106",
    "name": "yes",
    "url": "https://cdn.discordapp.com/emojis/1180303876172292106.png",
    "animated": false
  },
  {
    "id": "1180303878240084058",
    "name": "no",
    "url": "https://cdn.discordapp.com/emojis/1180303878240084058.png",
    "animated": false
  },
  {
    "id": "1183883289702965338",
    "name": "R6Champion",
    "url": "https://cdn.discordapp.com/emojis/1183883289702965338.png",
    "animated": false
  },
  {
    "id": "1184113352180502559",
    "name": "giphy",
    "url": "https://cdn.discordapp.com/emojis/1184113352180502559.gif",
    "animated": true
  },
  {
    "id": "1184646440530739281",
    "name": "1516993185722",
    "url": "https://cdn.discordapp.com/emojis/1184646440530739281.png",
    "animated": false
  },
  {
    "id": "1190112701427486781",
    "name": "9232fuckyouremovebgpreview",
    "url": "https://cdn.discordapp.com/emojis/1190112701427486781.png",
    "animated": false
  },
  {
    "id": "1193564470455304243",
    "name": "Lucas03V",
    "url": "https://cdn.discordapp.com/emojis/1193564470455304243.png",
    "animated": false
  },
  {
    "id": "1196888842620375060",
    "name": "inexorable",
    "url": "https://cdn.discordapp.com/emojis/1196888842620375060.gif",
    "animated": true
  },
  {
    "id": "1206318952804917339",
    "name": "sonic",
    "url": "https://cdn.discordapp.com/emojis/1206318952804917339.gif",
    "animated": true
  },
  {
    "id": "1212444656051290132",
    "name": "gw",
    "url": "https://cdn.discordapp.com/emojis/1212444656051290132.png",
    "animated": false
  },
  {
    "id": "1221530757613228043",
    "name": "MaiC_CatDance4",
    "url": "https://cdn.discordapp.com/emojis/1221530757613228043.gif",
    "animated": true
  },
  {
    "id": "1235702471528022087",
    "name": "1419memberlist",
    "url": "https://cdn.discordapp.com/emojis/1235702471528022087.png",
    "animated": false
  },
  {
    "id": "1238074071858679860",
    "name": "emoji_286",
    "url": "https://cdn.discordapp.com/emojis/1238074071858679860.png",
    "animated": false
  },
  {
    "id": "1238823933831155712",
    "name": "oui",
    "url": "https://cdn.discordapp.com/emojis/1238823933831155712.png",
    "animated": false
  },
  {
    "id": "1243471070208593930",
    "name": "pngimg",
    "url": "https://cdn.discordapp.com/emojis/1243471070208593930.png",
    "animated": false
  },
  {
    "id": "1248142273674350713",
    "name": "alias",
    "url": "https://cdn.discordapp.com/emojis/1248142273674350713.png",
    "animated": false
  },
  {
    "id": "1269077792146853919",
    "name": "VIP",
    "url": "https://cdn.discordapp.com/emojis/1269077792146853919.png",
    "animated": false
  },
  {
    "id": "1269145357871349930",
    "name": "c8eb4c3c7f1a24e663a1e56060822a02",
    "url": "https://cdn.discordapp.com/emojis/1269145357871349930.png",
    "animated": false
  },
  {
    "id": "1298317517172903987",
    "name": "suckslowly",
    "url": "https://cdn.discordapp.com/emojis/1298317517172903987.png",
    "animated": false
  }
]