[
  {
    "id": "1299661519872856116",
    "name": "Octopus_nyz",
    "url": "https://cdn.discordapp.com/emojis/1299661519872856116.png",
    "animated": false
  },
  {
    "id": "1299661521651236936",
    "name": "emoji_30",
    "url": "https://cdn.discordapp.com/emojis/1299661521651236936.png",
    "animated": false
  },
  {
    "id": "1299661523228168193",
    "name": "Turtle_nyz",
    "url": "https://cdn.discordapp.com/emojis/1299661523228168193.png",
    "animated": false
  },
  {
    "id": "1299661524318552065",
    "name": "hk",
    "url": "https://cdn.discordapp.com/emojis/1299661524318552065.gif",
    "animated": true
  },
  {
    "id": "1299661525660733533",
    "name": "fortnite",
    "url": "https://cdn.discordapp.com/emojis/1299661525660733533.png",
    "animated": false
  },
  {
    "id": "1299661527166619660",
    "name": "diamond2",
    "url": "https://cdn.discordapp.com/emojis/1299661527166619660.gif",
    "animated": true
  },
  {
    "id": "1299661528844337184",
    "name": "nyz_Kisses_Face",
    "url": "https://cdn.discordapp.com/emojis/1299661528844337184.png",
    "animated": false
  },
  {
    "id": "1299661530517995562",
    "name": "skully",
    "url": "https://cdn.discordapp.com/emojis/1299661530517995562.png",
    "animated": false
  },
  {
    "id": "1299661532225081354",
    "name": "coeur",
    "url": "https://cdn.discordapp.com/emojis/1299661532225081354.png",
    "animated": false
  },
  {
    "id": "1299661538705150044",
    "name": "blackstar",
    "url": "https://cdn.discordapp.com/emojis/1299661538705150044.png",
    "animated": false
  },
  {
    "id": "1299661539917299754",
    "name": "icons_colornitro",
    "url": "https://cdn.discordapp.com/emojis/1299661539917299754.png",
    "animated": false
  },
  {
    "id": "1299661541515460648",
    "name": "fun_keskiditlui",
    "url": "https://cdn.discordapp.com/emojis/1299661541515460648.png",
    "animated": false
  },
  {
    "id": "1299661547416584284",
    "name": "ChannelVC",
    "url": "https://cdn.discordapp.com/emojis/1299661547416584284.png",
    "animated": false
  },
  {
    "id": "1299661548733730916",
    "name": "coins",
    "url": "https://cdn.discordapp.com/emojis/1299661548733730916.png",
    "animated": false
  },
  {
    "id": "1299661551288189038",
    "name": "point_bleu",
    "url": "https://cdn.discordapp.com/emojis/1299661551288189038.png",
    "animated": false
  },
  {
    "id": "1299661557868793936",
    "name": "city",
    "url": "https://cdn.discordapp.com/emojis/1299661557868793936.png",
    "animated": false
  },
  {
    "id": "1299661559504834580",
    "name": "canard",
    "url": "https://cdn.discordapp.com/emojis/1299661559504834580.png",
    "animated": false
  },
  {
    "id": "1299661565628387328",
    "name": "Coffee_nyz",
    "url": "https://cdn.discordapp.com/emojis/1299661565628387328.png",
    "animated": false
  },
  {
    "id": "1299661567197188159",
    "name": "Enligne",
    "url": "https://cdn.discordapp.com/emojis/1299661567197188159.png",
    "animated": false
  },
  {
    "id": "1299661573543166003",
    "name": "VALORANT",
    "url": "https://cdn.discordapp.com/emojis/1299661573543166003.png",
    "animated": false
  },
  {
    "id": "1299661574902124584",
    "name": "nyzdancing",
    "url": "https://cdn.discordapp.com/emojis/1299661574902124584.gif",
    "animated": true
  },
  {
    "id": "1299661576202096710",
    "name": "Membres",
    "url": "https://cdn.discordapp.com/emojis/1299661576202096710.png",
    "animated": false
  },
  {
    "id": "1299661582275444738",
    "name": "Rat_nyz",
    "url": "https://cdn.discordapp.com/emojis/1299661582275444738.png",
    "animated": false
  },
  {
    "id": "1299661584129593376",
    "name": "point",
    "url": "https://cdn.discordapp.com/emojis/1299661584129593376.png",
    "animated": false
  },
  {
    "id": "1299661590764847125",
    "name": "DB_freezer_skull",
    "url": "https://cdn.discordapp.com/emojis/1299661590764847125.png",
    "animated": false
  },
  {
    "id": "1299661592048308290",
    "name": "personne",
    "url": "https://cdn.discordapp.com/emojis/1299661592048308290.png",
    "animated": false
  },
  {
    "id": "1299661598092300308",
    "name": "hammer",
    "url": "https://cdn.discordapp.com/emojis/1299661598092300308.png",
    "animated": false
  },
  {
    "id": "1299661599866617858",
    "name": "babydance",
    "url": "https://cdn.discordapp.com/emojis/1299661599866617858.gif",
    "animated": true
  },
  {
    "id": "1299661601137492021",
    "name": "hellokitty",
    "url": "https://cdn.discordapp.com/emojis/1299661601137492021.png",
    "animated": false
  },
  {
    "id": "1299661607399587880",
    "name": "LoL",
    "url": "https://cdn.discordapp.com/emojis/1299661607399587880.png",
    "animated": false
  },
  {
    "id": "1299661609211527240",
    "name": "Brawlstars",
    "url": "https://cdn.discordapp.com/emojis/1299661609211527240.png",
    "animated": false
  },
  {
    "id": "1299661611107090484",
    "name": "roblox",
    "url": "https://cdn.discordapp.com/emojis/1299661611107090484.png",
    "animated": false
  },
  {
    "id": "1299661617906192384",
    "name": "banana_nya",
    "url": "https://cdn.discordapp.com/emojis/1299661617906192384.gif",
    "animated": true
  },
  {
    "id": "1299661619537907765",
    "name": "real",
    "url": "https://cdn.discordapp.com/emojis/1299661619537907765.png",
    "animated": false
  },
  {
    "id": "1299661625909051474",
    "name": "moderateur",
    "url": "https://cdn.discordapp.com/emojis/1299661625909051474.png",
    "animated": false
  },
  {
    "id": "1299661630224994374",
    "name": "ww_tchoopidance",
    "url": "https://cdn.discordapp.com/emojis/1299661630224994374.gif",
    "animated": true
  },
  {
    "id": "1299661631193878540",
    "name": "marteau",
    "url": "https://cdn.discordapp.com/emojis/1299661631193878540.png",
    "animated": false
  },
  {
    "id": "1299661634423492679",
    "name": "5692siuuuu",
    "url": "https://cdn.discordapp.com/emojis/1299661634423492679.gif",
    "animated": true
  },
  {
    "id": "1299661636218523678",
    "name": "crown_1black",
    "url": "https://cdn.discordapp.com/emojis/1299661636218523678.gif",
    "animated": true
  },
  {
    "id": "1299661643067818045",
    "name": "singe",
    "url": "https://cdn.discordapp.com/emojis/1299661643067818045.png",
    "animated": false
  },
  {
    "id": "1299661644376440842",
    "name": "rocketleague",
    "url": "https://cdn.discordapp.com/emojis/1299661644376440842.png",
    "animated": false
  },
  {
    "id": "1299661650814566400",
    "name": "bayonneta",
    "url": "https://cdn.discordapp.com/emojis/1299661650814566400.png",
    "animated": false
  },
  {
    "id": "1299661653423554642",
    "name": "r_brickwall",
    "url": "https://cdn.discordapp.com/emojis/1299661653423554642.gif",
    "animated": true
  },
  {
    "id": "1299661654673326121",
    "name": "cdg",
    "url": "https://cdn.discordapp.com/emojis/1299661654673326121.png",
    "animated": false
  },
  {
    "id": "1299661657047564348",
    "name": "qlf",
    "url": "https://cdn.discordapp.com/emojis/1299661657047564348.png",
    "animated": false
  },
  {
    "id": "1299661663133372493",
    "name": "667_white",
    "url": "https://cdn.discordapp.com/emojis/1299661663133372493.png",
    "animated": false
  },
  {
    "id": "1299661664802836550",
    "name": "iconbooster",
    "url": "https://cdn.discordapp.com/emojis/1299661664802836550.png",
    "animated": false
  },
  {
    "id": "1299661671094157323",
    "name": "horloge",
    "url": "https://cdn.discordapp.com/emojis/1299661671094157323.png",
    "animated": false
  },
  {
    "id": "1299661673614934058",
    "name": "nitro",
    "url": "https://cdn.discordapp.com/emojis/1299661673614934058.gif",
    "animated": true
  },
  {
    "id": "1299661675342856242",
    "name": "light",
    "url": "https://cdn.discordapp.com/emojis/1299661675342856242.png",
    "animated": false
  },
  {
    "id": "1299676623205044254",
    "name": "salaut",
    "url": "https://cdn.discordapp.com/emojis/1299676623205044254.png",
    "animated": false
  },
  {
    "id": "1299676624459005982",
    "name": "paypal",
    "url": "https://cdn.discordapp.com/emojis/1299676624459005982.png",
    "animated": false
  },
  {
    "id": "1299676626694570024",
    "name": "nitroboost",
    "url": "https://cdn.discordapp.com/emojis/1299676626694570024.gif",
    "animated": true
  },
  {
    "id": "1299676628162449458",
    "name": "667_green",
    "url": "https://cdn.discordapp.com/emojis/1299676628162449458.png",
    "animated": false
  },
  {
    "id": "1299676629462945903",
    "name": "STONE",
    "url": "https://cdn.discordapp.com/emojis/1299676629462945903.png",
    "animated": false
  },
  {
    "id": "1299676631107108976",
    "name": "6968blackcrown",
    "url": "https://cdn.discordapp.com/emojis/1299676631107108976.gif",
    "animated": true
  },
  {
    "id": "1299676632654549024",
    "name": "nike",
    "url": "https://cdn.discordapp.com/emojis/1299676632654549024.gif",
    "animated": true
  },
  {
    "id": "1299676633837604955",
    "name": "zawwq",
    "url": "https://cdn.discordapp.com/emojis/1299676633837604955.gif",
    "animated": true
  },
  {
    "id": "1299676634994970726",
    "name": "icon_person",
    "url": "https://cdn.discordapp.com/emojis/1299676634994970726.png",
    "animated": false
  },
  {
    "id": "1299676641550663732",
    "name": "canna",
    "url": "https://cdn.discordapp.com/emojis/1299676641550663732.png",
    "animated": false
  },
  {
    "id": "1299676643006353408",
    "name": "deafen",
    "url": "https://cdn.discordapp.com/emojis/1299676643006353408.png",
    "animated": false
  },
  {
    "id": "1299676644545658883",
    "name": "noir",
    "url": "https://cdn.discordapp.com/emojis/1299676644545658883.png",
    "animated": false
  },
  {
    "id": "1299676651176726571",
    "name": "syz",
    "url": "https://cdn.discordapp.com/emojis/1299676651176726571.png",
    "animated": false
  },
  {
    "id": "1299676653244514304",
    "name": "azzzzz",
    "url": "https://cdn.discordapp.com/emojis/1299676653244514304.png",
    "animated": false
  },
  {
    "id": "1299676660164984864",
    "name": "boost",
    "url": "https://cdn.discordapp.com/emojis/1299676660164984864.gif",
    "animated": true
  },
  {
    "id": "1299676690599120907",
    "name": "papillon",
    "url": "https://cdn.discordapp.com/emojis/1299676690599120907.gif",
    "animated": true
  },
  {
    "id": "1299676698438275143",
    "name": "babydance",
    "url": "https://cdn.discordapp.com/emojis/1299676698438275143.gif",
    "animated": true
  },
  {
    "id": "1299676702246699098",
    "name": "Giveaway2_Empire",
    "url": "https://cdn.discordapp.com/emojis/1299676702246699098.gif",
    "animated": true
  },
  {
    "id": "1299676763399655475",
    "name": "Gheart4",
    "url": "https://cdn.discordapp.com/emojis/1299676763399655475.gif",
    "animated": true
  },
  {
    "id": "1299691736875929623",
    "name": "hk",
    "url": "https://cdn.discordapp.com/emojis/1299691736875929623.gif",
    "animated": true
  },
  {
    "id": "1299691760200454226",
    "name": "aacrclr_catdansecry",
    "url": "https://cdn.discordapp.com/emojis/1299691760200454226.gif",
    "animated": true
  },
  {
    "id": "1299691768127688714",
    "name": "4849prettyflower5",
    "url": "https://cdn.discordapp.com/emojis/1299691768127688714.gif",
    "animated": true
  },
  {
    "id": "1299691771172753429",
    "name": "M_cat",
    "url": "https://cdn.discordapp.com/emojis/1299691771172753429.gif",
    "animated": true
  },
  {
    "id": "1299691787253846056",
    "name": "catjump",
    "url": "https://cdn.discordapp.com/emojis/1299691787253846056.gif",
    "animated": true
  },
  {
    "id": "1300514050181955707",
    "name": "1289555577051283587",
    "url": "https://cdn.discordapp.com/emojis/1300514050181955707.png",
    "animated": false
  }
]