[
  {
    "id": "1297941798114562068",
    "name": "1251856149213347921",
    "url": "https://cdn.discordapp.com/emojis/1297941798114562068.png",
    "animated": false
  },
  {
    "id": "1297941800375550002",
    "name": "1227268789599731743",
    "url": "https://cdn.discordapp.com/emojis/1297941800375550002.png",
    "animated": false
  },
  {
    "id": "1297941802128769047",
    "name": "5BOT",
    "url": "https://cdn.discordapp.com/emojis/1297941802128769047.png",
    "animated": false
  },
  {
    "id": "1297941803596517427",
    "name": "BlackJapanese",
    "url": "https://cdn.discordapp.com/emojis/1297941803596517427.png",
    "animated": false
  },
  {
    "id": "1297941805009993800",
    "name": "B_Mamour",
    "url": "https://cdn.discordapp.com/emojis/1297941805009993800.gif",
    "animated": true
  },
  {
    "id": "1297941866154692763",
    "name": "aizensip",
    "url": "https://cdn.discordapp.com/emojis/1297941866154692763.png",
    "animated": false
  },
  {
    "id": "1297941868302303252",
    "name": "emoji_12",
    "url": "https://cdn.discordapp.com/emojis/1297941868302303252.png",
    "animated": false
  },
  {
    "id": "1297941870327894039",
    "name": "emoji_11",
    "url": "https://cdn.discordapp.com/emojis/1297941870327894039.png",
    "animated": false
  },
  {
    "id": "1297941871938506854",
    "name": "diamond",
    "url": "https://cdn.discordapp.com/emojis/1297941871938506854.png",
    "animated": false
  },
  {
    "id": "1297941874719592542",
    "name": "crown",
    "url": "https://cdn.discordapp.com/emojis/1297941874719592542.png",
    "animated": false
  },
  {
    "id": "1297941876615413810",
    "name": "emoji_21",
    "url": "https://cdn.discordapp.com/emojis/1297941876615413810.png",
    "animated": false
  },
  {
    "id": "1297941878288810085",
    "name": "emoji_24",
    "url": "https://cdn.discordapp.com/emojis/1297941878288810085.png",
    "animated": false
  },
  {
    "id": "1297941879383658583",
    "name": "emoji_34",
    "url": "https://cdn.discordapp.com/emojis/1297941879383658583.png",
    "animated": false
  },
  {
    "id": "1297941881744785469",
    "name": "emoji_5",
    "url": "https://cdn.discordapp.com/emojis/1297941881744785469.png",
    "animated": false
  },
  {
    "id": "1297941884848705667",
    "name": "hm_maelou",
    "url": "https://cdn.discordapp.com/emojis/1297941884848705667.png",
    "animated": false
  },
  {
    "id": "1297941886987665428",
    "name": "emoji_41",
    "url": "https://cdn.discordapp.com/emojis/1297941886987665428.png",
    "animated": false
  },
  {
    "id": "1297941888430641165",
    "name": "d1",
    "url": "https://cdn.discordapp.com/emojis/1297941888430641165.gif",
    "animated": true
  },
  {
    "id": "1297941893119868958",
    "name": "emoji_91",
    "url": "https://cdn.discordapp.com/emojis/1297941893119868958.png",
    "animated": false
  },
  {
    "id": "1297943243434233908",
    "name": "02toroloveletter",
    "url": "https://cdn.discordapp.com/emojis/1297943243434233908.gif",
    "animated": true
  },
  {
    "id": "1297943245338316902",
    "name": "00g_heart",
    "url": "https://cdn.discordapp.com/emojis/1297943245338316902.gif",
    "animated": true
  },
  {
    "id": "1297943249142415432",
    "name": "07_whiteexclamation",
    "url": "https://cdn.discordapp.com/emojis/1297943249142415432.gif",
    "animated": true
  },
  {
    "id": "1298066354510888982",
    "name": "KBBQ_KannaSip",
    "url": "https://cdn.discordapp.com/emojis/1298066354510888982.gif",
    "animated": true
  },
  {
    "id": "1298222952583663708",
    "name": "RWCatHug",
    "url": "https://cdn.discordapp.com/emojis/1298222952583663708.gif",
    "animated": true
  },
  {
    "id": "1298222956102815785",
    "name": "Ours_Timide",
    "url": "https://cdn.discordapp.com/emojis/1298222956102815785.png",
    "animated": false
  },
  {
    "id": "1298222957914624020",
    "name": "danse",
    "url": "https://cdn.discordapp.com/emojis/1298222957914624020.gif",
    "animated": true
  },
  {
    "id": "1298222959583821856",
    "name": "danse_HH",
    "url": "https://cdn.discordapp.com/emojis/1298222959583821856.gif",
    "animated": true
  },
  {
    "id": "1298222961429446687",
    "name": "dance_boi",
    "url": "https://cdn.discordapp.com/emojis/1298222961429446687.gif",
    "animated": true
  },
  {
    "id": "1298222963488718951",
    "name": "emoji_51",
    "url": "https://cdn.discordapp.com/emojis/1298222963488718951.png",
    "animated": false
  },
  {
    "id": "1298222965783134228",
    "name": "osaka_scream",
    "url": "https://cdn.discordapp.com/emojis/1298222965783134228.png",
    "animated": false
  },
  {
    "id": "1298222967469379696",
    "name": "badgeadmin",
    "url": "https://cdn.discordapp.com/emojis/1298222967469379696.png",
    "animated": false
  },
  {
    "id": "1298222968903827477",
    "name": "badgeboost",
    "url": "https://cdn.discordapp.com/emojis/1298222968903827477.png",
    "animated": false
  },
  {
    "id": "1298222970623234070",
    "name": "badgeco",
    "url": "https://cdn.discordapp.com/emojis/1298222970623234070.png",
    "animated": false
  },
  {
    "id": "1298222972452212807",
    "name": "badgecom",
    "url": "https://cdn.discordapp.com/emojis/1298222972452212807.png",
    "animated": false
  },
  {
    "id": "1298222973941055498",
    "name": "aesthetic12",
    "url": "https://cdn.discordapp.com/emojis/1298222973941055498.png",
    "animated": false
  },
  {
    "id": "1298222975006281842",
    "name": "s_",
    "url": "https://cdn.discordapp.com/emojis/1298222975006281842.gif",
    "animated": true
  },
  {
    "id": "1298222976293933129",
    "name": "emoji_53",
    "url": "https://cdn.discordapp.com/emojis/1298222976293933129.gif",
    "animated": true
  },
  {
    "id": "1298762537952874496",
    "name": "027f09ffbd4e428eaedc192d934d2752",
    "url": "https://cdn.discordapp.com/emojis/1298762537952874496.png",
    "animated": false
  },
  {
    "id": "1298762539458363453",
    "name": "1005286183191982151",
    "url": "https://cdn.discordapp.com/emojis/1298762539458363453.gif",
    "animated": true
  },
  {
    "id": "1298762540569989291",
    "name": "1018249153396101130",
    "url": "https://cdn.discordapp.com/emojis/1298762540569989291.gif",
    "animated": true
  },
  {
    "id": "1298762542054641734",
    "name": "1018249160962605097",
    "url": "https://cdn.discordapp.com/emojis/1298762542054641734.gif",
    "animated": true
  },
  {
    "id": "1298762543740751872",
    "name": "1048246167324065852",
    "url": "https://cdn.discordapp.com/emojis/1298762543740751872.gif",
    "animated": true
  },
  {
    "id": "1298762544684601358",
    "name": "2788demonshit",
    "url": "https://cdn.discordapp.com/emojis/1298762544684601358.gif",
    "animated": true
  },
  {
    "id": "1298762546412785745",
    "name": "6506_ak_black",
    "url": "https://cdn.discordapp.com/emojis/1298762546412785745.png",
    "animated": false
  },
  {
    "id": "1298762548186845266",
    "name": "73aa2e806f2a456cb6275ce15a3d63b9",
    "url": "https://cdn.discordapp.com/emojis/1298762548186845266.gif",
    "animated": true
  },
  {
    "id": "1298762549516570705",
    "name": "816277851853815819",
    "url": "https://cdn.discordapp.com/emojis/1298762549516570705.gif",
    "animated": true
  },
  {
    "id": "1298762550913011772",
    "name": "838460960770883614",
    "url": "https://cdn.discordapp.com/emojis/1298762550913011772.gif",
    "animated": true
  },
  {
    "id": "1298762553148706867",
    "name": "9fa603df4864439bb78d544c7f78cdca",
    "url": "https://cdn.discordapp.com/emojis/1298762553148706867.gif",
    "animated": true
  },
  {
    "id": "1298762555820609577",
    "name": "af5866e5e70a470aab87541ce97f887c",
    "url": "https://cdn.discordapp.com/emojis/1298762555820609577.gif",
    "animated": true
  },
  {
    "id": "1298762557158592524",
    "name": "cdb3e0e685b847a5b0dc38b5ff4b0916",
    "url": "https://cdn.discordapp.com/emojis/1298762557158592524.gif",
    "animated": true
  },
  {
    "id": "1298762559083647067",
    "name": "siyah_alev",
    "url": "https://cdn.discordapp.com/emojis/1298762559083647067.gif",
    "animated": true
  },
  {
    "id": "1298764727186493440",
    "name": "0_blackkms",
    "url": "https://cdn.discordapp.com/emojis/1298764727186493440.gif",
    "animated": true
  },
  {
    "id": "1298764728453300308",
    "name": "1166818913821143050",
    "url": "https://cdn.discordapp.com/emojis/1298764728453300308.gif",
    "animated": true
  },
  {
    "id": "1298764730600788008",
    "name": "0arrow",
    "url": "https://cdn.discordapp.com/emojis/1298764730600788008.gif",
    "animated": true
  },
  {
    "id": "1298764732311801987",
    "name": "1091443091694686348",
    "url": "https://cdn.discordapp.com/emojis/1298764732311801987.png",
    "animated": false
  },
  {
    "id": "1298764734329524245",
    "name": "1018606943398535218",
    "url": "https://cdn.discordapp.com/emojis/1298764734329524245.gif",
    "animated": true
  },
  {
    "id": "1298764736053383229",
    "name": "0arrow",
    "url": "https://cdn.discordapp.com/emojis/1298764736053383229.gif",
    "animated": true
  },
  {
    "id": "1298764738032832614",
    "name": "1everyone",
    "url": "https://cdn.discordapp.com/emojis/1298764738032832614.gif",
    "animated": true
  },
  {
    "id": "1298764739605958789",
    "name": "1227259093664665773",
    "url": "https://cdn.discordapp.com/emojis/1298764739605958789.gif",
    "animated": true
  },
  {
    "id": "1298764741686329354",
    "name": "1227247830905913405",
    "url": "https://cdn.discordapp.com/emojis/1298764741686329354.png",
    "animated": false
  },
  {
    "id": "1298764743116328981",
    "name": "1_loveu",
    "url": "https://cdn.discordapp.com/emojis/1298764743116328981.gif",
    "animated": true
  },
  {
    "id": "1298764744957628496",
    "name": "2333_PandaDracula",
    "url": "https://cdn.discordapp.com/emojis/1298764744957628496.png",
    "animated": false
  },
  {
    "id": "1298764746597863494",
    "name": "2_animeshooting",
    "url": "https://cdn.discordapp.com/emojis/1298764746597863494.gif",
    "animated": true
  },
  {
    "id": "1298764747596107858",
    "name": "2_blackcat",
    "url": "https://cdn.discordapp.com/emojis/1298764747596107858.png",
    "animated": false
  },
  {
    "id": "1298764749403848765",
    "name": "2_black_stars",
    "url": "https://cdn.discordapp.com/emojis/1298764749403848765.png",
    "animated": false
  },
  {
    "id": "1298764751073185855",
    "name": "2_emoji_49",
    "url": "https://cdn.discordapp.com/emojis/1298764751073185855.gif",
    "animated": true
  },
  {
    "id": "1298764753140715520",
    "name": "1_ButterfliesWhite",
    "url": "https://cdn.discordapp.com/emojis/1298764753140715520.gif",
    "animated": true
  },
  {
    "id": "1298764754676088864",
    "name": "3blackhearts",
    "url": "https://cdn.discordapp.com/emojis/1298764754676088864.png",
    "animated": false
  },
  {
    "id": "1298764756039110711",
    "name": "3blackhearts",
    "url": "https://cdn.discordapp.com/emojis/1298764756039110711.gif",
    "animated": true
  },
  {
    "id": "1298764757939261540",
    "name": "3yey",
    "url": "https://cdn.discordapp.com/emojis/1298764757939261540.gif",
    "animated": true
  },
  {
    "id": "1298764759574773851",
    "name": "2cuty",
    "url": "https://cdn.discordapp.com/emojis/1298764759574773851.gif",
    "animated": true
  },
  {
    "id": "1298764762250743818",
    "name": "52850socute",
    "url": "https://cdn.discordapp.com/emojis/1298764762250743818.png",
    "animated": false
  },
  {
    "id": "1298764763995836493",
    "name": "Beelbz",
    "url": "https://cdn.discordapp.com/emojis/1298764763995836493.png",
    "animated": false
  },
  {
    "id": "1298764766071885825",
    "name": "8285slay",
    "url": "https://cdn.discordapp.com/emojis/1298764766071885825.png",
    "animated": false
  },
  {
    "id": "1298764768563429467",
    "name": "7669gun",
    "url": "https://cdn.discordapp.com/emojis/1298764768563429467.gif",
    "animated": true
  },
  {
    "id": "1298764770224377976",
    "name": "5_PepeKnife",
    "url": "https://cdn.discordapp.com/emojis/1298764770224377976.png",
    "animated": false
  },
  {
    "id": "1298764772321263669",
    "name": "Coeur3",
    "url": "https://cdn.discordapp.com/emojis/1298764772321263669.png",
    "animated": false
  },
  {
    "id": "1298764773915365448",
    "name": "Cote_Albedo_Love",
    "url": "https://cdn.discordapp.com/emojis/1298764773915365448.gif",
    "animated": true
  },
  {
    "id": "1298764775580373042",
    "name": "Cute_sex",
    "url": "https://cdn.discordapp.com/emojis/1298764775580373042.gif",
    "animated": true
  },
  {
    "id": "1298764777052704900",
    "name": "Lalala",
    "url": "https://cdn.discordapp.com/emojis/1298764777052704900.gif",
    "animated": true
  },
  {
    "id": "1298764778755461252",
    "name": "Cz_soldier",
    "url": "https://cdn.discordapp.com/emojis/1298764778755461252.gif",
    "animated": true
  },
  {
    "id": "1298764780869390377",
    "name": "Boost",
    "url": "https://cdn.discordapp.com/emojis/1298764780869390377.gif",
    "animated": true
  },
  {
    "id": "1298764782400438452",
    "name": "Heart3",
    "url": "https://cdn.discordapp.com/emojis/1298764782400438452.gif",
    "animated": true
  },
  {
    "id": "1298764783922708562",
    "name": "M_4bontoutou",
    "url": "https://cdn.discordapp.com/emojis/1298764783922708562.gif",
    "animated": true
  },
  {
    "id": "1298764785390714900",
    "name": "RWBounce",
    "url": "https://cdn.discordapp.com/emojis/1298764785390714900.gif",
    "animated": true
  },
  {
    "id": "1298764787055988776",
    "name": "Milk_And_Mochi_10",
    "url": "https://cdn.discordapp.com/emojis/1298764787055988776.gif",
    "animated": true
  },
  {
    "id": "1298764789098745918",
    "name": "Milk_And_Mochi_3",
    "url": "https://cdn.discordapp.com/emojis/1298764789098745918.gif",
    "animated": true
  },
  {
    "id": "1298777638470422620",
    "name": "SCcatamused",
    "url": "https://cdn.discordapp.com/emojis/1298777638470422620.gif",
    "animated": true
  },
  {
    "id": "1298777640894992384",
    "name": "drnew146",
    "url": "https://cdn.discordapp.com/emojis/1298777640894992384.png",
    "animated": false
  },
  {
    "id": "1298777641943437323",
    "name": "UwU_jsf",
    "url": "https://cdn.discordapp.com/emojis/1298777641943437323.gif",
    "animated": true
  },
  {
    "id": "1298777648310386774",
    "name": "drnew271",
    "url": "https://cdn.discordapp.com/emojis/1298777648310386774.png",
    "animated": false
  },
  {
    "id": "1298777651212849252",
    "name": "Requinvicieux",
    "url": "https://cdn.discordapp.com/emojis/1298777651212849252.gif",
    "animated": true
  },
  {
    "id": "1298777651716292739",
    "name": "7225chipichipicat",
    "url": "https://cdn.discordapp.com/emojis/1298777651716292739.gif",
    "animated": true
  },
  {
    "id": "1298777654274686997",
    "name": "blackscythe",
    "url": "https://cdn.discordapp.com/emojis/1298777654274686997.png",
    "animated": false
  },
  {
    "id": "1298777655541497877",
    "name": "1022112",
    "url": "https://cdn.discordapp.com/emojis/1298777655541497877.png",
    "animated": false
  },
  {
    "id": "1298777657843912808",
    "name": "blackmove",
    "url": "https://cdn.discordapp.com/emojis/1298777657843912808.gif",
    "animated": true
  },
  {
    "id": "1298777658909392979",
    "name": "gigachad",
    "url": "https://cdn.discordapp.com/emojis/1298777658909392979.png",
    "animated": false
  },
  {
    "id": "1298777660545175654",
    "name": "certifnoire",
    "url": "https://cdn.discordapp.com/emojis/1298777660545175654.gif",
    "animated": true
  },
  {
    "id": "1298777661690351616",
    "name": "gigachad",
    "url": "https://cdn.discordapp.com/emojis/1298777661690351616.gif",
    "animated": true
  },
  {
    "id": "1298777663946625091",
    "name": "blackman",
    "url": "https://cdn.discordapp.com/emojis/1298777663946625091.png",
    "animated": false
  },
  {
    "id": "1298777664789811282",
    "name": "1aesxu",
    "url": "https://cdn.discordapp.com/emojis/1298777664789811282.gif",
    "animated": true
  },
  {
    "id": "1298777667264315412",
    "name": "black_gengar",
    "url": "https://cdn.discordapp.com/emojis/1298777667264315412.png",
    "animated": false
  },
  {
    "id": "1298777668853956678",
    "name": "camera_with_flash",
    "url": "https://cdn.discordapp.com/emojis/1298777668853956678.png",
    "animated": false
  },
  {
    "id": "1298777671270142044",
    "name": "egirlhamster",
    "url": "https://cdn.discordapp.com/emojis/1298777671270142044.png",
    "animated": false
  },
  {
    "id": "1298777672176111626",
    "name": "aBE_CutieWoah",
    "url": "https://cdn.discordapp.com/emojis/1298777672176111626.gif",
    "animated": true
  },
  {
    "id": "1298777674155823115",
    "name": "fuckyou",
    "url": "https://cdn.discordapp.com/emojis/1298777674155823115.png",
    "animated": false
  },
  {
    "id": "1298777675254726698",
    "name": "zzhooddanceydance",
    "url": "https://cdn.discordapp.com/emojis/1298777675254726698.gif",
    "animated": true
  },
  {
    "id": "1298777677016334367",
    "name": "nya_hug",
    "url": "https://cdn.discordapp.com/emojis/1298777677016334367.gif",
    "animated": true
  },
  {
    "id": "1298777681290072110",
    "name": "9462_fortnitedance",
    "url": "https://cdn.discordapp.com/emojis/1298777681290072110.gif",
    "animated": true
  },
  {
    "id": "1298777682657677332",
    "name": "nyaKnife",
    "url": "https://cdn.discordapp.com/emojis/1298777682657677332.png",
    "animated": false
  },
  {
    "id": "1298777684037599297",
    "name": "cats_gato_hacker",
    "url": "https://cdn.discordapp.com/emojis/1298777684037599297.gif",
    "animated": true
  },
  {
    "id": "1298777686159786055",
    "name": "reversee",
    "url": "https://cdn.discordapp.com/emojis/1298777686159786055.png",
    "animated": false
  },
  {
    "id": "1298777688529702922",
    "name": "02_blackily",
    "url": "https://cdn.discordapp.com/emojis/1298777688529702922.png",
    "animated": false
  },
  {
    "id": "1298777690958200914",
    "name": "8917blackhottxdrown1",
    "url": "https://cdn.discordapp.com/emojis/1298777690958200914.png",
    "animated": false
  },
  {
    "id": "1298777693629710396",
    "name": "Cat_AppleRun",
    "url": "https://cdn.discordapp.com/emojis/1298777693629710396.gif",
    "animated": true
  },
  {
    "id": "1298777695521341533",
    "name": "Yumii_pinkkirby",
    "url": "https://cdn.discordapp.com/emojis/1298777695521341533.gif",
    "animated": true
  },
  {
    "id": "1298777697035485237",
    "name": "angeeepy",
    "url": "https://cdn.discordapp.com/emojis/1298777697035485237.gif",
    "animated": true
  },
  {
    "id": "1298777699761913867",
    "name": "bruhcatmelvin",
    "url": "https://cdn.discordapp.com/emojis/1298777699761913867.png",
    "animated": false
  },
  {
    "id": "1298792741546758215",
    "name": "bruhcatsad",
    "url": "https://cdn.discordapp.com/emojis/1298792741546758215.png",
    "animated": false
  },
  {
    "id": "1298792742394269707",
    "name": "YUHIhellokittygif1",
    "url": "https://cdn.discordapp.com/emojis/1298792742394269707.gif",
    "animated": true
  },
  {
    "id": "1298792744717910066",
    "name": "bear",
    "url": "https://cdn.discordapp.com/emojis/1298792744717910066.png",
    "animated": false
  },
  {
    "id": "1298792747615912017",
    "name": "bear",
    "url": "https://cdn.discordapp.com/emojis/1298792747615912017.gif",
    "animated": true
  },
  {
    "id": "1298792750623359048",
    "name": "bear",
    "url": "https://cdn.discordapp.com/emojis/1298792750623359048.gif",
    "animated": true
  },
  {
    "id": "1298792751563018242",
    "name": "bear",
    "url": "https://cdn.discordapp.com/emojis/1298792751563018242.gif",
    "animated": true
  },
  {
    "id": "1298792753928605736",
    "name": "bear",
    "url": "https://cdn.discordapp.com/emojis/1298792753928605736.gif",
    "animated": true
  },
  {
    "id": "1298792755585355837",
    "name": "bear_cheerlead_dance",
    "url": "https://cdn.discordapp.com/emojis/1298792755585355837.gif",
    "animated": true
  },
  {
    "id": "1298792758710108252",
    "name": "bear_hug",
    "url": "https://cdn.discordapp.com/emojis/1298792758710108252.gif",
    "animated": true
  },
  {
    "id": "1298792760685363224",
    "name": "dance3",
    "url": "https://cdn.discordapp.com/emojis/1298792760685363224.gif",
    "animated": true
  },
  {
    "id": "1298792763852193843",
    "name": "hkkiss",
    "url": "https://cdn.discordapp.com/emojis/1298792763852193843.gif",
    "animated": true
  },
  {
    "id": "1299085168266449058",
    "name": "00hellokittyneon",
    "url": "https://cdn.discordapp.com/emojis/1299085168266449058.png",
    "animated": false
  },
  {
    "id": "1299085169843634358",
    "name": "0_whiteheartbeat",
    "url": "https://cdn.discordapp.com/emojis/1299085169843634358.gif",
    "animated": true
  },
  {
    "id": "1299085171433148416",
    "name": "04_pinklolipopp",
    "url": "https://cdn.discordapp.com/emojis/1299085171433148416.gif",
    "animated": true
  },
  {
    "id": "1299085172976648223",
    "name": "02_blackexclamation",
    "url": "https://cdn.discordapp.com/emojis/1299085172976648223.gif",
    "animated": true
  },
  {
    "id": "1299085174822277191",
    "name": "4487blackwtftxdrown1",
    "url": "https://cdn.discordapp.com/emojis/1299085174822277191.png",
    "animated": false
  },
  {
    "id": "1299085176583884840",
    "name": "46910nacrownowner",
    "url": "https://cdn.discordapp.com/emojis/1299085176583884840.png",
    "animated": false
  },
  {
    "id": "1299085178144292938",
    "name": "ASHehe",
    "url": "https://cdn.discordapp.com/emojis/1299085178144292938.png",
    "animated": false
  },
  {
    "id": "1299085179654115339",
    "name": "ASASYuiNoLike",
    "url": "https://cdn.discordapp.com/emojis/1299085179654115339.gif",
    "animated": true
  },
  {
    "id": "1299085181701062667",
    "name": "ASASDance",
    "url": "https://cdn.discordapp.com/emojis/1299085181701062667.gif",
    "animated": true
  },
  {
    "id": "1299085183605145641",
    "name": "A_Baguette",
    "url": "https://cdn.discordapp.com/emojis/1299085183605145641.gif",
    "animated": true
  },
  {
    "id": "1299085185446580315",
    "name": "CatThumbsUp",
    "url": "https://cdn.discordapp.com/emojis/1299085185446580315.png",
    "animated": false
  },
  {
    "id": "1299085187543466105",
    "name": "Blanka",
    "url": "https://cdn.discordapp.com/emojis/1299085187543466105.png",
    "animated": false
  },
  {
    "id": "1299085189045157931",
    "name": "M_jatt",
    "url": "https://cdn.discordapp.com/emojis/1299085189045157931.gif",
    "animated": true
  },
  {
    "id": "1299085192375435335",
    "name": "M_pepehihi",
    "url": "https://cdn.discordapp.com/emojis/1299085192375435335.png",
    "animated": false
  },
  {
    "id": "1299085194082521178",
    "name": "M_Note",
    "url": "https://cdn.discordapp.com/emojis/1299085194082521178.gif",
    "animated": true
  },
  {
    "id": "1299085196452298865",
    "name": "M_2peepotux",
    "url": "https://cdn.discordapp.com/emojis/1299085196452298865.png",
    "animated": false
  },
  {
    "id": "1299085198486671381",
    "name": "M_4susu",
    "url": "https://cdn.discordapp.com/emojis/1299085198486671381.png",
    "animated": false
  },
  {
    "id": "1299085200499937432",
    "name": "Jett_Ability",
    "url": "https://cdn.discordapp.com/emojis/1299085200499937432.png",
    "animated": false
  },
  {
    "id": "1299085202496294982",
    "name": "Omen_Drink",
    "url": "https://cdn.discordapp.com/emojis/1299085202496294982.png",
    "animated": false
  },
  {
    "id": "1299085204400377917",
    "name": "Panda_Love",
    "url": "https://cdn.discordapp.com/emojis/1299085204400377917.gif",
    "animated": true
  },
  {
    "id": "1299085205931556925",
    "name": "Whyzer",
    "url": "https://cdn.discordapp.com/emojis/1299085205931556925.gif",
    "animated": true
  },
  {
    "id": "1299085207982440470",
    "name": "Raze_Laugh",
    "url": "https://cdn.discordapp.com/emojis/1299085207982440470.png",
    "animated": false
  },
  {
    "id": "1299085209362501633",
    "name": "Raze_Ability",
    "url": "https://cdn.discordapp.com/emojis/1299085209362501633.png",
    "animated": false
  },
  {
    "id": "1299085211094487061",
    "name": "Sukuna",
    "url": "https://cdn.discordapp.com/emojis/1299085211094487061.png",
    "animated": false
  },
  {
    "id": "1299085213367795722",
    "name": "Spray_Heart",
    "url": "https://cdn.discordapp.com/emojis/1299085213367795722.png",
    "animated": false
  },
  {
    "id": "1299085215980847154",
    "name": "Yumii_whitecinnamorollexcited",
    "url": "https://cdn.discordapp.com/emojis/1299085215980847154.gif",
    "animated": true
  },
  {
    "id": "1299085218187186220",
    "name": "Yumii_whitecinnamorollshake",
    "url": "https://cdn.discordapp.com/emojis/1299085218187186220.png",
    "animated": false
  },
  {
    "id": "1299085219512586311",
    "name": "Yumii_whitecinnamorollshake",
    "url": "https://cdn.discordapp.com/emojis/1299085219512586311.gif",
    "animated": true
  },
  {
    "id": "1299085220808757250",
    "name": "a_kuromidance",
    "url": "https://cdn.discordapp.com/emojis/1299085220808757250.gif",
    "animated": true
  },
  {
    "id": "1299085223123746816",
    "name": "albedo",
    "url": "https://cdn.discordapp.com/emojis/1299085223123746816.png",
    "animated": false
  },
  {
    "id": "1299085224327647304",
    "name": "anais",
    "url": "https://cdn.discordapp.com/emojis/1299085224327647304.gif",
    "animated": true
  },
  {
    "id": "1299085226303164437",
    "name": "a_hellokitty9",
    "url": "https://cdn.discordapp.com/emojis/1299085226303164437.png",
    "animated": false
  },
  {
    "id": "1299085227838144585",
    "name": "aiko",
    "url": "https://cdn.discordapp.com/emojis/1299085227838144585.png",
    "animated": false
  },
  {
    "id": "1299085229113348176",
    "name": "arrowslogo",
    "url": "https://cdn.discordapp.com/emojis/1299085229113348176.gif",
    "animated": true
  },
  {
    "id": "1299085230300205057",
    "name": "bg100",
    "url": "https://cdn.discordapp.com/emojis/1299085230300205057.gif",
    "animated": true
  },
  {
    "id": "1299085232594489344",
    "name": "black",
    "url": "https://cdn.discordapp.com/emojis/1299085232594489344.gif",
    "animated": true
  },
  {
    "id": "1299085234037592164",
    "name": "black_crown",
    "url": "https://cdn.discordapp.com/emojis/1299085234037592164.png",
    "animated": false
  },
  {
    "id": "1299085235484364840",
    "name": "bleu",
    "url": "https://cdn.discordapp.com/emojis/1299085235484364840.gif",
    "animated": true
  },
  {
    "id": "1299085237027999798",
    "name": "bestediteuse",
    "url": "https://cdn.discordapp.com/emojis/1299085237027999798.gif",
    "animated": true
  },
  {
    "id": "1299085238504394915",
    "name": "demon_hour",
    "url": "https://cdn.discordapp.com/emojis/1299085238504394915.gif",
    "animated": true
  },
  {
    "id": "1299085240316199024",
    "name": "eye_b",
    "url": "https://cdn.discordapp.com/emojis/1299085240316199024.gif",
    "animated": true
  },
  {
    "id": "1299085242833043487",
    "name": "eyes",
    "url": "https://cdn.discordapp.com/emojis/1299085242833043487.png",
    "animated": false
  },
  {
    "id": "1299085244452044880",
    "name": "gurascared",
    "url": "https://cdn.discordapp.com/emojis/1299085244452044880.gif",
    "animated": true
  },
  {
    "id": "1299085246175641610",
    "name": "gurasing",
    "url": "https://cdn.discordapp.com/emojis/1299085246175641610.gif",
    "animated": true
  },
  {
    "id": "1299085247836590201",
    "name": "hAmusing",
    "url": "https://cdn.discordapp.com/emojis/1299085247836590201.png",
    "animated": false
  },
  {
    "id": "1299085250164690984",
    "name": "hellokittygang",
    "url": "https://cdn.discordapp.com/emojis/1299085250164690984.png",
    "animated": false
  },
  {
    "id": "1299085252173496372",
    "name": "happy",
    "url": "https://cdn.discordapp.com/emojis/1299085252173496372.gif",
    "animated": true
  },
  {
    "id": "1299085254044160133",
    "name": "ggslowed",
    "url": "https://cdn.discordapp.com/emojis/1299085254044160133.png",
    "animated": false
  },
  {
    "id": "1299085256455884905",
    "name": "itsukibb",
    "url": "https://cdn.discordapp.com/emojis/1299085256455884905.gif",
    "animated": true
  },
  {
    "id": "1299085258578460806",
    "name": "izuna",
    "url": "https://cdn.discordapp.com/emojis/1299085258578460806.png",
    "animated": false
  }
]