[
  {
    "id": "1289885118546317312",
    "name": "1249456769755779272",
    "url": "https://cdn.discordapp.com/emojis/1289885118546317312.png",
    "animated": false
  },
  {
    "id": "1289885120249200680",
    "name": "1249456787690618911",
    "url": "https://cdn.discordapp.com/emojis/1289885120249200680.png",
    "animated": false
  },
  {
    "id": "1289885121377341473",
    "name": "1249456797534916628",
    "url": "https://cdn.discordapp.com/emojis/1289885121377341473.gif",
    "animated": true
  },
  {
    "id": "1289885122925035523",
    "name": "1242549448425472039",
    "url": "https://cdn.discordapp.com/emojis/1289885122925035523.png",
    "animated": false
  },
  {
    "id": "1289885124799758461",
    "name": "1249456789376991315",
    "url": "https://cdn.discordapp.com/emojis/1289885124799758461.png",
    "animated": false
  },
  {
    "id": "1289885133477908541",
    "name": "1242549438589698143",
    "url": "https://cdn.discordapp.com/emojis/1289885133477908541.png",
    "animated": false
  },
  {
    "id": "1289885136648667146",
    "name": "1249456774294278204",
    "url": "https://cdn.discordapp.com/emojis/1289885136648667146.png",
    "animated": false
  },
  {
    "id": "1289885139228426301",
    "name": "1249456781650952343",
    "url": "https://cdn.discordapp.com/emojis/1289885139228426301.png",
    "animated": false
  },
  {
    "id": "1289885141715386432",
    "name": "1242549442976940076",
    "url": "https://cdn.discordapp.com/emojis/1289885141715386432.png",
    "animated": false
  },
  {
    "id": "1289885142948778026",
    "name": "1242549446454153269",
    "url": "https://cdn.discordapp.com/emojis/1289885142948778026.gif",
    "animated": true
  },
  {
    "id": "1289885144513249330",
    "name": "1249456792639901731",
    "url": "https://cdn.discordapp.com/emojis/1289885144513249330.png",
    "animated": false
  },
  {
    "id": "1289885145704304694",
    "name": "1249456799090872410",
    "url": "https://cdn.discordapp.com/emojis/1289885145704304694.gif",
    "animated": true
  },
  {
    "id": "1289885146828509335",
    "name": "1249456799870881845",
    "url": "https://cdn.discordapp.com/emojis/1289885146828509335.gif",
    "animated": true
  },
  {
    "id": "1289885148283932682",
    "name": "1249456775791378487",
    "url": "https://cdn.discordapp.com/emojis/1289885148283932682.png",
    "animated": false
  },
  {
    "id": "1289885154851946506",
    "name": "1242549429245055008",
    "url": "https://cdn.discordapp.com/emojis/1289885154851946506.png",
    "animated": false
  },
  {
    "id": "1289885156139732992",
    "name": "1225172003388915834",
    "url": "https://cdn.discordapp.com/emojis/1289885156139732992.png",
    "animated": false
  },
  {
    "id": "1289885157603414049",
    "name": "1249456772281008270",
    "url": "https://cdn.discordapp.com/emojis/1289885157603414049.png",
    "animated": false
  },
  {
    "id": "1289885164218089504",
    "name": "1242549430893416459",
    "url": "https://cdn.discordapp.com/emojis/1289885164218089504.png",
    "animated": false
  },
  {
    "id": "1289885165694222389",
    "name": "1242549435045773375",
    "url": "https://cdn.discordapp.com/emojis/1289885165694222389.png",
    "animated": false
  },
  {
    "id": "1289885172178616320",
    "name": "1249456785740529664",
    "url": "https://cdn.discordapp.com/emojis/1289885172178616320.png",
    "animated": false
  },
  {
    "id": "1289885174024241193",
    "name": "1226102980496064513",
    "url": "https://cdn.discordapp.com/emojis/1289885174024241193.png",
    "animated": false
  },
  {
    "id": "1289885175777464401",
    "name": "1230641032664711298",
    "url": "https://cdn.discordapp.com/emojis/1289885175777464401.png",
    "animated": false
  },
  {
    "id": "1289885182953783369",
    "name": "1249456774294278204",
    "url": "https://cdn.discordapp.com/emojis/1289885182953783369.png",
    "animated": false
  },
  {
    "id": "1289885184149159992",
    "name": "1226102881296584735",
    "url": "https://cdn.discordapp.com/emojis/1289885184149159992.png",
    "animated": false
  },
  {
    "id": "1289885185785204911",
    "name": "1242549445321687060",
    "url": "https://cdn.discordapp.com/emojis/1289885185785204911.png",
    "animated": false
  },
  {
    "id": "1289885192231719024",
    "name": "1249456783270084699",
    "url": "https://cdn.discordapp.com/emojis/1289885192231719024.png",
    "animated": false
  },
  {
    "id": "1289885193624354826",
    "name": "1249456779524444392",
    "url": "https://cdn.discordapp.com/emojis/1289885193624354826.png",
    "animated": false
  },
  {
    "id": "1289885200117137459",
    "name": "1242549438573187092",
    "url": "https://cdn.discordapp.com/emojis/1289885200117137459.gif",
    "animated": true
  },
  {
    "id": "1289885201912172586",
    "name": "1249456795571982424",
    "url": "https://cdn.discordapp.com/emojis/1289885201912172586.gif",
    "animated": true
  },
  {
    "id": "1289885203136905296",
    "name": "1249456794494046362",
    "url": "https://cdn.discordapp.com/emojis/1289885203136905296.png",
    "animated": false
  },
  {
    "id": "1289885209482891327",
    "name": "1225171246711443456",
    "url": "https://cdn.discordapp.com/emojis/1289885209482891327.png",
    "animated": false
  },
  {
    "id": "1289885211382779925",
    "name": "1242549429974597674",
    "url": "https://cdn.discordapp.com/emojis/1289885211382779925.png",
    "animated": false
  },
  {
    "id": "1289885213715075123",
    "name": "1242549461423489098",
    "url": "https://cdn.discordapp.com/emojis/1289885213715075123.gif",
    "animated": true
  },
  {
    "id": "1289885220199469088",
    "name": "1230640999915716628",
    "url": "https://cdn.discordapp.com/emojis/1289885220199469088.png",
    "animated": false
  },
  {
    "id": "1289885221985980427",
    "name": "1226945265550753914",
    "url": "https://cdn.discordapp.com/emojis/1289885221985980427.gif",
    "animated": true
  },
  {
    "id": "1289885223622017055",
    "name": "1225181169553768498",
    "url": "https://cdn.discordapp.com/emojis/1289885223622017055.png",
    "animated": false
  },
  {
    "id": "1289885230349680680",
    "name": "dance",
    "url": "https://cdn.discordapp.com/emojis/1289885230349680680.gif",
    "animated": true
  },
  {
    "id": "1289885231662366781",
    "name": "1241494040869077103",
    "url": "https://cdn.discordapp.com/emojis/1289885231662366781.png",
    "animated": false
  },
  {
    "id": "1289885237735854103",
    "name": "1225171230194405406",
    "url": "https://cdn.discordapp.com/emojis/1289885237735854103.png",
    "animated": false
  },
  {
    "id": "1289885239103066177",
    "name": "1249456791037939834",
    "url": "https://cdn.discordapp.com/emojis/1289885239103066177.png",
    "animated": false
  },
  {
    "id": "1289885247093215284",
    "name": "1242549454935167157",
    "url": "https://cdn.discordapp.com/emojis/1289885247093215284.gif",
    "animated": true
  },
  {
    "id": "1289885250284949504",
    "name": "1249456808679047258",
    "url": "https://cdn.discordapp.com/emojis/1289885250284949504.gif",
    "animated": true
  },
  {
    "id": "1289897732806283274",
    "name": "members",
    "url": "https://cdn.discordapp.com/emojis/1289897732806283274.png",
    "animated": false
  },
  {
    "id": "1289897735302152202",
    "name": "online",
    "url": "https://cdn.discordapp.com/emojis/1289897735302152202.gif",
    "animated": true
  },
  {
    "id": "1289897738095427736",
    "name": "vocal",
    "url": "https://cdn.discordapp.com/emojis/1289897738095427736.png",
    "animated": false
  },
  {
    "id": "1289897742944174100",
    "name": "boost",
    "url": "https://cdn.discordapp.com/emojis/1289897742944174100.gif",
    "animated": true
  },
  {
    "id": "1289897745452367924",
    "name": "cam",
    "url": "https://cdn.discordapp.com/emojis/1289897745452367924.png",
    "animated": false
  },
  {
    "id": "1289897748220481660",
    "name": "stream",
    "url": "https://cdn.discordapp.com/emojis/1289897748220481660.png",
    "animated": false
  },
  {
    "id": "1289897750661435524",
    "name": "off",
    "url": "https://cdn.discordapp.com/emojis/1289897750661435524.gif",
    "animated": true
  },
  {
    "id": "1289897753077485659",
    "name": "idle",
    "url": "https://cdn.discordapp.com/emojis/1289897753077485659.png",
    "animated": false
  },
  {
    "id": "1289900227620376628",
    "name": "logo_twitch",
    "url": "https://cdn.discordapp.com/emojis/1289900227620376628.png",
    "animated": false
  },
  {
    "id": "1289900232577908736",
    "name": "blQlf",
    "url": "https://cdn.discordapp.com/emojis/1289900232577908736.gif",
    "animated": true
  },
  {
    "id": "1297205261337104444",
    "name": "green_online",
    "url": "https://cdn.discordapp.com/emojis/1297205261337104444.png",
    "animated": false
  },
  {
    "id": "1297205264792944752",
    "name": "icon_reglement",
    "url": "https://cdn.discordapp.com/emojis/1297205264792944752.png",
    "animated": false
  },
  {
    "id": "1297205267968294982",
    "name": "icon_link",
    "url": "https://cdn.discordapp.com/emojis/1297205267968294982.png",
    "animated": false
  },
  {
    "id": "1297205271067889754",
    "name": "icon_forum",
    "url": "https://cdn.discordapp.com/emojis/1297205271067889754.png",
    "animated": false
  },
  {
    "id": "1297205273601245267",
    "name": "3_black_faucheuse",
    "url": "https://cdn.discordapp.com/emojis/1297205273601245267.png",
    "animated": false
  },
  {
    "id": "1297205276037873785",
    "name": "icon_roles",
    "url": "https://cdn.discordapp.com/emojis/1297205276037873785.png",
    "animated": false
  },
  {
    "id": "1297205278785146902",
    "name": "white_star",
    "url": "https://cdn.discordapp.com/emojis/1297205278785146902.png",
    "animated": false
  },
  {
    "id": "1297205281595330586",
    "name": "iconmicro",
    "url": "https://cdn.discordapp.com/emojis/1297205281595330586.png",
    "animated": false
  },
  {
    "id": "1297205284552310874",
    "name": "3_white_check",
    "url": "https://cdn.discordapp.com/emojis/1297205284552310874.png",
    "animated": false
  },
  {
    "id": "1297205287366950953",
    "name": "icon_discord",
    "url": "https://cdn.discordapp.com/emojis/1297205287366950953.png",
    "animated": false
  },
  {
    "id": "1297205290311356487",
    "name": "3_black_heart",
    "url": "https://cdn.discordapp.com/emojis/1297205290311356487.png",
    "animated": false
  },
  {
    "id": "1297205292471418902",
    "name": "icon_utility",
    "url": "https://cdn.discordapp.com/emojis/1297205292471418902.png",
    "animated": false
  },
  {
    "id": "1297205295520546848",
    "name": "icon_announcement",
    "url": "https://cdn.discordapp.com/emojis/1297205295520546848.png",
    "animated": false
  },
  {
    "id": "1297205298905350236",
    "name": "white_mathix",
    "url": "https://cdn.discordapp.com/emojis/1297205298905350236.png",
    "animated": false
  },
  {
    "id": "1297205302206136441",
    "name": "icon_coins",
    "url": "https://cdn.discordapp.com/emojis/1297205302206136441.png",
    "animated": false
  },
  {
    "id": "1297205304957603883",
    "name": "pink_drackxou",
    "url": "https://cdn.discordapp.com/emojis/1297205304957603883.png",
    "animated": false
  },
  {
    "id": "1297205312679317515",
    "name": "icon_info",
    "url": "https://cdn.discordapp.com/emojis/1297205312679317515.png",
    "animated": false
  },
  {
    "id": "1297205315879833670",
    "name": "3_black_arrow",
    "url": "https://cdn.discordapp.com/emojis/1297205315879833670.png",
    "animated": false
  },
  {
    "id": "1297205318219989154",
    "name": "icon_info",
    "url": "https://cdn.discordapp.com/emojis/1297205318219989154.png",
    "animated": false
  },
  {
    "id": "1297205321365717035",
    "name": "ours_timide",
    "url": "https://cdn.discordapp.com/emojis/1297205321365717035.png",
    "animated": false
  },
  {
    "id": "1297205324234883163",
    "name": "icon_utility2",
    "url": "https://cdn.discordapp.com/emojis/1297205324234883163.png",
    "animated": false
  },
  {
    "id": "1297205327170899988",
    "name": "3_black_across",
    "url": "https://cdn.discordapp.com/emojis/1297205327170899988.png",
    "animated": false
  },
  {
    "id": "1297205329674768414",
    "name": "icon_person",
    "url": "https://cdn.discordapp.com/emojis/1297205329674768414.png",
    "animated": false
  },
  {
    "id": "1297205333122351155",
    "name": "fun_keskiditlui",
    "url": "https://cdn.discordapp.com/emojis/1297205333122351155.png",
    "animated": false
  },
  {
    "id": "1297205337891409961",
    "name": "icon_BBaux",
    "url": "https://cdn.discordapp.com/emojis/1297205337891409961.png",
    "animated": false
  },
  {
    "id": "1297205341091663995",
    "name": "fun_ky",
    "url": "https://cdn.discordapp.com/emojis/1297205341091663995.png",
    "animated": false
  },
  {
    "id": "1297205344149311591",
    "name": "icon_BBvrai",
    "url": "https://cdn.discordapp.com/emojis/1297205344149311591.png",
    "animated": false
  },
  {
    "id": "1297205346842050652",
    "name": "ours_urg",
    "url": "https://cdn.discordapp.com/emojis/1297205346842050652.png",
    "animated": false
  },
  {
    "id": "1297205349652107454",
    "name": "icon_partner",
    "url": "https://cdn.discordapp.com/emojis/1297205349652107454.png",
    "animated": false
  },
  {
    "id": "1297205352575668267",
    "name": "cat_feicy3",
    "url": "https://cdn.discordapp.com/emojis/1297205352575668267.png",
    "animated": false
  },
  {
    "id": "1297205355771596900",
    "name": "icon_AAgreen",
    "url": "https://cdn.discordapp.com/emojis/1297205355771596900.png",
    "animated": false
  },
  {
    "id": "1297205358762131590",
    "name": "cat_feicy2",
    "url": "https://cdn.discordapp.com/emojis/1297205358762131590.png",
    "animated": false
  },
  {
    "id": "1297205361597612064",
    "name": "icon_AAred",
    "url": "https://cdn.discordapp.com/emojis/1297205361597612064.png",
    "animated": false
  },
  {
    "id": "1297205364260999320",
    "name": "cat_feicy",
    "url": "https://cdn.discordapp.com/emojis/1297205364260999320.png",
    "animated": false
  },
  {
    "id": "1297205366463139842",
    "name": "pika_pls",
    "url": "https://cdn.discordapp.com/emojis/1297205366463139842.png",
    "animated": false
  },
  {
    "id": "1297205370074169384",
    "name": "icon_mod",
    "url": "https://cdn.discordapp.com/emojis/1297205370074169384.png",
    "animated": false
  },
  {
    "id": "1297205373077553264",
    "name": "pika_fight",
    "url": "https://cdn.discordapp.com/emojis/1297205373077553264.png",
    "animated": false
  },
  {
    "id": "1297205375753519174",
    "name": "icon_CCarrowgreen",
    "url": "https://cdn.discordapp.com/emojis/1297205375753519174.png",
    "animated": false
  },
  {
    "id": "1297205378420838474",
    "name": "icon_CCarrowred",
    "url": "https://cdn.discordapp.com/emojis/1297205378420838474.png",
    "animated": false
  },
  {
    "id": "1297205382174871665",
    "name": "pika_love1",
    "url": "https://cdn.discordapp.com/emojis/1297205382174871665.png",
    "animated": false
  },
  {
    "id": "1297205385408675911",
    "name": "icon_utility",
    "url": "https://cdn.discordapp.com/emojis/1297205385408675911.png",
    "animated": false
  },
  {
    "id": "1297205388407734282",
    "name": "pika_ok",
    "url": "https://cdn.discordapp.com/emojis/1297205388407734282.png",
    "animated": false
  },
  {
    "id": "1297205391167586344",
    "name": "icon_writing",
    "url": "https://cdn.discordapp.com/emojis/1297205391167586344.png",
    "animated": false
  },
  {
    "id": "1297205399354605598",
    "name": "icon_giveaway",
    "url": "https://cdn.discordapp.com/emojis/1297205399354605598.png",
    "animated": false
  },
  {
    "id": "1297205402114457630",
    "name": "3_black_spider",
    "url": "https://cdn.discordapp.com/emojis/1297205402114457630.png",
    "animated": false
  },
  {
    "id": "1297205405440675994",
    "name": "panda_dormir",
    "url": "https://cdn.discordapp.com/emojis/1297205405440675994.png",
    "animated": false
  },
  {
    "id": "1297205409248972840",
    "name": "icons_guide",
    "url": "https://cdn.discordapp.com/emojis/1297205409248972840.png",
    "animated": false
  },
  {
    "id": "1297205412076191825",
    "name": "icon_2giveaway_party2",
    "url": "https://cdn.discordapp.com/emojis/1297205412076191825.png",
    "animated": false
  },
  {
    "id": "1297205415142101163",
    "name": "icon_1red_timeout",
    "url": "https://cdn.discordapp.com/emojis/1297205415142101163.png",
    "animated": false
  },
  {
    "id": "1297205417428123669",
    "name": "3_white_rose",
    "url": "https://cdn.discordapp.com/emojis/1297205417428123669.png",
    "animated": false
  }
]