[
  {
    "id": "1290261403806203938",
    "name": "Depression",
    "url": "https://cdn.discordapp.com/emojis/1290261403806203938.png",
    "animated": false
  },
  {
    "id": "1290261582475169904",
    "name": "chokbar",
    "url": "https://cdn.discordapp.com/emojis/1290261582475169904.png",
    "animated": false
  },
  {
    "id": "1290261759931842633",
    "name": "staff",
    "url": "https://cdn.discordapp.com/emojis/1290261759931842633.gif",
    "animated": true
  },
  {
    "id": "1290261925036294145",
    "name": "asc0",
    "url": "https://cdn.discordapp.com/emojis/1290261925036294145.png",
    "animated": false
  },
  {
    "id": "1290262119735885854",
    "name": "dd",
    "url": "https://cdn.discordapp.com/emojis/1290262119735885854.gif",
    "animated": true
  },
  {
    "id": "1290262415317143594",
    "name": "sussy",
    "url": "https://cdn.discordapp.com/emojis/1290262415317143594.png",
    "animated": false
  },
  {
    "id": "1290263062988849256",
    "name": "catvibe",
    "url": "https://cdn.discordapp.com/emojis/1290263062988849256.gif",
    "animated": true
  },
  {
    "id": "1290263108698509362",
    "name": "crabrave",
    "url": "https://cdn.discordapp.com/emojis/1290263108698509362.gif",
    "animated": true
  },
  {
    "id": "1290263270422216794",
    "name": "pogging",
    "url": "https://cdn.discordapp.com/emojis/1290263270422216794.png",
    "animated": false
  },
  {
    "id": "1290263431047544916",
    "name": "music_sunne_de",
    "url": "https://cdn.discordapp.com/emojis/1290263431047544916.png",
    "animated": false
  },
  {
    "id": "1290263558025646215",
    "name": "femme",
    "url": "https://cdn.discordapp.com/emojis/1290263558025646215.png",
    "animated": false
  },
  {
    "id": "1290263592683438090",
    "name": "homme",
    "url": "https://cdn.discordapp.com/emojis/1290263592683438090.png",
    "animated": false
  },
  {
    "id": "1291109289775337713",
    "name": "tim",
    "url": "https://cdn.discordapp.com/emojis/1291109289775337713.png",
    "animated": false
  },
  {
    "id": "1291109343475011755",
    "name": "tim",
    "url": "https://cdn.discordapp.com/emojis/1291109343475011755.png",
    "animated": false
  },
  {
    "id": "1291365347676655691",
    "name": "pepeGamingMG",
    "url": "https://cdn.discordapp.com/emojis/1291365347676655691.gif",
    "animated": true
  },
  {
    "id": "1291365501242441739",
    "name": "pouce",
    "url": "https://cdn.discordapp.com/emojis/1291365501242441739.png",
    "animated": false
  },
  {
    "id": "1291419698378051714",
    "name": "pepeHmmMG",
    "url": "https://cdn.discordapp.com/emojis/1291419698378051714.png",
    "animated": false
  },
  {
    "id": "1291466782594564228",
    "name": "NoirBouffeurDhomme",
    "url": "https://cdn.discordapp.com/emojis/1291466782594564228.png",
    "animated": false
  },
  {
    "id": "1291467097033146493",
    "name": "RIZZ",
    "url": "https://cdn.discordapp.com/emojis/1291467097033146493.png",
    "animated": false
  },
  {
    "id": "1291467290008883252",
    "name": "daleux",
    "url": "https://cdn.discordapp.com/emojis/1291467290008883252.png",
    "animated": false
  },
  {
    "id": "1291467551515345008",
    "name": "sad",
    "url": "https://cdn.discordapp.com/emojis/1291467551515345008.png",
    "animated": false
  },
  {
    "id": "1291468125216309356",
    "name": "trolled",
    "url": "https://cdn.discordapp.com/emojis/1291468125216309356.png",
    "animated": false
  },
  {
    "id": "1291468678574899201",
    "name": "yellow_arrow",
    "url": "https://cdn.discordapp.com/emojis/1291468678574899201.png",
    "animated": false
  },
  {
    "id": "1291473287586648105",
    "name": "weed",
    "url": "https://cdn.discordapp.com/emojis/1291473287586648105.png",
    "animated": false
  },
  {
    "id": "1291759556388458497",
    "name": "ahtransparent",
    "url": "https://cdn.discordapp.com/emojis/1291759556388458497.png",
    "animated": false
  },
  {
    "id": "1291759760672292989",
    "name": "ToBeContinued",
    "url": "https://cdn.discordapp.com/emojis/1291759760672292989.png",
    "animated": false
  },
  {
    "id": "1291759977836314645",
    "name": "SusFace",
    "url": "https://cdn.discordapp.com/emojis/1291759977836314645.png",
    "animated": false
  },
  {
    "id": "1291760404007096362",
    "name": "Kek_Pat",
    "url": "https://cdn.discordapp.com/emojis/1291760404007096362.png",
    "animated": false
  },
  {
    "id": "1291760658865717370",
    "name": "EggLaugh",
    "url": "https://cdn.discordapp.com/emojis/1291760658865717370.png",
    "animated": false
  },
  {
    "id": "1291760883273437196",
    "name": "insane_laugh",
    "url": "https://cdn.discordapp.com/emojis/1291760883273437196.png",
    "animated": false
  },
  {
    "id": "1291761065331527764",
    "name": "4dkek",
    "url": "https://cdn.discordapp.com/emojis/1291761065331527764.png",
    "animated": false
  },
  {
    "id": "1291773192465285122",
    "name": "EmojiTresNormal",
    "url": "https://cdn.discordapp.com/emojis/1291773192465285122.png",
    "animated": false
  },
  {
    "id": "1291773214237659197",
    "name": "EmojieHalal",
    "url": "https://cdn.discordapp.com/emojis/1291773214237659197.png",
    "animated": false
  },
  {
    "id": "1291812179083001866",
    "name": "han",
    "url": "https://cdn.discordapp.com/emojis/1291812179083001866.png",
    "animated": false
  },
  {
    "id": "1292469818880036864",
    "name": "emoji_35",
    "url": "https://cdn.discordapp.com/emojis/1292469818880036864.png",
    "animated": false
  },
  {
    "id": "1292469838278561802",
    "name": "emoji_36",
    "url": "https://cdn.discordapp.com/emojis/1292469838278561802.png",
    "animated": false
  },
  {
    "id": "1292469856062541907",
    "name": "emoji_37",
    "url": "https://cdn.discordapp.com/emojis/1292469856062541907.png",
    "animated": false
  },
  {
    "id": "1292469872768454746",
    "name": "emoji_38",
    "url": "https://cdn.discordapp.com/emojis/1292469872768454746.png",
    "animated": false
  },
  {
    "id": "1292469890766340137",
    "name": "emoji_39",
    "url": "https://cdn.discordapp.com/emojis/1292469890766340137.png",
    "animated": false
  },
  {
    "id": "1292469907392299060",
    "name": "emoji_40",
    "url": "https://cdn.discordapp.com/emojis/1292469907392299060.png",
    "animated": false
  },
  {
    "id": "1292469927143407616",
    "name": "emoji_41",
    "url": "https://cdn.discordapp.com/emojis/1292469927143407616.png",
    "animated": false
  },
  {
    "id": "1292469949050130455",
    "name": "emoji_42",
    "url": "https://cdn.discordapp.com/emojis/1292469949050130455.png",
    "animated": false
  },
  {
    "id": "1292469973066977331",
    "name": "emoji_43",
    "url": "https://cdn.discordapp.com/emojis/1292469973066977331.png",
    "animated": false
  },
  {
    "id": "1292469996638961707",
    "name": "emoji_44",
    "url": "https://cdn.discordapp.com/emojis/1292469996638961707.png",
    "animated": false
  },
  {
    "id": "1293237061712740383",
    "name": "NitroBoostStar",
    "url": "https://cdn.discordapp.com/emojis/1293237061712740383.png",
    "animated": false
  },
  {
    "id": "1293247948565643305",
    "name": "Chokbar",
    "url": "https://cdn.discordapp.com/emojis/1293247948565643305.png",
    "animated": false
  },
  {
    "id": "1293247981906034718",
    "name": "Haram",
    "url": "https://cdn.discordapp.com/emojis/1293247981906034718.png",
    "animated": false
  },
  {
    "id": "1294967165493051452",
    "name": "inlove",
    "url": "https://cdn.discordapp.com/emojis/1294967165493051452.png",
    "animated": false
  },
  {
    "id": "1294977076146995200",
    "name": "bdh",
    "url": "https://cdn.discordapp.com/emojis/1294977076146995200.png",
    "animated": false
  },
  {
    "id": "1294977120610816010",
    "name": "QuoiCouTriste",
    "url": "https://cdn.discordapp.com/emojis/1294977120610816010.png",
    "animated": false
  },
  {
    "id": "1294977181939925054",
    "name": "HMMMMMM",
    "url": "https://cdn.discordapp.com/emojis/1294977181939925054.png",
    "animated": false
  },
  {
    "id": "1295324805708382239",
    "name": "Eh",
    "url": "https://cdn.discordapp.com/emojis/1295324805708382239.png",
    "animated": false
  },
  {
    "id": "1295676850403541083",
    "name": "PikaCoeurG",
    "url": "https://cdn.discordapp.com/emojis/1295676850403541083.png",
    "animated": false
  },
  {
    "id": "1295676884264161332",
    "name": "PikaCoeurD",
    "url": "https://cdn.discordapp.com/emojis/1295676884264161332.png",
    "animated": false
  },
  {
    "id": "1295689359315439657",
    "name": "pepeexit",
    "url": "https://cdn.discordapp.com/emojis/1295689359315439657.png",
    "animated": false
  },
  {
    "id": "1297150181510484029",
    "name": "sedlife",
    "url": "https://cdn.discordapp.com/emojis/1297150181510484029.png",
    "animated": false
  },
  {
    "id": "1297150419419664455",
    "name": "dheart",
    "url": "https://cdn.discordapp.com/emojis/1297150419419664455.png",
    "animated": false
  }
]