[
  {
    "id": "1070701005014048798",
    "name": "LogoFrance2",
    "url": "https://cdn.discordapp.com/emojis/1070701005014048798.png",
    "animated": false
  },
  {
    "id": "1164615827660755064",
    "name": "Vigipirate",
    "url": "https://cdn.discordapp.com/emojis/1164615827660755064.png",
    "animated": false
  },
  {
    "id": "1164615884879450112",
    "name": "Personne",
    "url": "https://cdn.discordapp.com/emojis/1164615884879450112.png",
    "animated": false
  },
  {
    "id": "1164615936150605895",
    "name": "Diversit",
    "url": "https://cdn.discordapp.com/emojis/1164615936150605895.png",
    "animated": false
  },
  {
    "id": "1164615994774409297",
    "name": "Cloche",
    "url": "https://cdn.discordapp.com/emojis/1164615994774409297.png",
    "animated": false
  },
  {
    "id": "1164616051875651658",
    "name": "Dossier",
    "url": "https://cdn.discordapp.com/emojis/1164616051875651658.png",
    "animated": false
  },
  {
    "id": "1164616099703312435",
    "name": "Identit",
    "url": "https://cdn.discordapp.com/emojis/1164616099703312435.png",
    "animated": false
  },
  {
    "id": "1164616146339766423",
    "name": "Badge",
    "url": "https://cdn.discordapp.com/emojis/1164616146339766423.png",
    "animated": false
  },
  {
    "id": "1164616198223319161",
    "name": "Attention",
    "url": "https://cdn.discordapp.com/emojis/1164616198223319161.png",
    "animated": false
  },
  {
    "id": "1164617658927423641",
    "name": "Institution",
    "url": "https://cdn.discordapp.com/emojis/1164617658927423641.png",
    "animated": false
  },
  {
    "id": "1164619528479723691",
    "name": "Rglage",
    "url": "https://cdn.discordapp.com/emojis/1164619528479723691.png",
    "animated": false
  },
  {
    "id": "1165949574519717939",
    "name": "Oui",
    "url": "https://cdn.discordapp.com/emojis/1165949574519717939.png",
    "animated": false
  },
  {
    "id": "1165949596283981855",
    "name": "Non",
    "url": "https://cdn.discordapp.com/emojis/1165949596283981855.png",
    "animated": false
  },
  {
    "id": "1165949817554489425",
    "name": "Gendarmerie",
    "url": "https://cdn.discordapp.com/emojis/1165949817554489425.png",
    "animated": false
  },
  {
    "id": "1165968240615374999",
    "name": "Environnement",
    "url": "https://cdn.discordapp.com/emojis/1165968240615374999.png",
    "animated": false
  },
  {
    "id": "1169699854629478480",
    "name": "Favoris",
    "url": "https://cdn.discordapp.com/emojis/1169699854629478480.png",
    "animated": false
  },
  {
    "id": "1169699946249850940",
    "name": "Dscussion",
    "url": "https://cdn.discordapp.com/emojis/1169699946249850940.png",
    "animated": false
  },
  {
    "id": "1174081972121915492",
    "name": "IGGN",
    "url": "https://cdn.discordapp.com/emojis/1174081972121915492.png",
    "animated": false
  },
  {
    "id": "1174082037876015114",
    "name": "IGPN",
    "url": "https://cdn.discordapp.com/emojis/1174082037876015114.png",
    "animated": false
  },
  {
    "id": "1241808849246359562",
    "name": "GALAX_ROLEPLAY_17",
    "url": "https://cdn.discordapp.com/emojis/1241808849246359562.png",
    "animated": false
  }
]