{
  "prefix": "&",
  "status": "idle",
  "nitrosniper": true,
  "nitrourl": "https://discord.gift/",
  "langue": "fr",
  "time": 100000,
  "noaddgrp": false,
  "noaddgrptext": "",
  "voiceconnect": "",
  "voicemute": false,
  "voicedeaf": false,
  "voicewebcam": true,
  "voicestream": false,
  "twitch": "https://twitch.tv/Yanis4438",
  "rpconoff": false,
  "rpctitle": "SoLoMgL",
  "rpcdetails": "#RENOIduMOM2",
  "rpcstate": "2k25 Notre année",
  "rpctype": "PLAYING",
  "rpclargeimage": "https://media.discordapp.net/attachments/1278830070416543775/1300578286270943295/IMG_2517.jpg?ex=6721596b&is=672007eb&hm=6d651908341a62cee75693abaf392739dad0178356c8a8ec4b0afa77f7d967d5&",
  "rpclargeimagetext": "",
  "rpcsmallimage": "",
  "rpcsmallimagetext": "",
  "appid": "1283430160036659221",
  "buttontext1": "SPONGE",
  "buttonlink1": "https://discord.gg/9dScZzsc",
  "buttontext2": "👹",
  "buttonlink2": null,
  "spotifyonoff": "off",
  "spotifylargeimage": "",
  "spotifysmallimage": "",
  "spotifystates": "",
  "spotifyalbum": "",
  "spotifydetails": "",
  "spotifyendtimestamp": null,
  "rainbowrole": [],
  "rpctime": 1730080577163,
  "rpcminparty": 0,
  "rpcmaxparty": 0,
  "webhooklogs": null,
  "aboutme": null,
  "hype": null,
  "rpctextstatus": null,
  "rpcemoji": null,
  "botname": "NEXUS V3",
  "rpcplatform": "desktop",
  "afk": {
    "enabled": false,
    "reason": ""
  },
  "rolemenus": [],
  "multi": {
    "rpcList": [],
    "rpcCount": 0
  }
}