{
  "prefix": "&",
  "status": "idle",
  "nitrosniper": true,
  "nitrourl": "",
  "langue": "fr",
  "time": 100000,
  "noaddgrp": false,
  "noaddgrptext": "",
  "voiceconnect": "",
  "voicemute": false,
  "voicedeaf": false,
  "voicewebcam": true,
  "voicestream": false,
  "twitch": "https://twitch.tv/Yanis4438",
  "rpconoff": true,
  "rpctitle": "Fearless x Kittow",
  "rpcdetails": "𝓚𝓲𝓽𝓽𝓸𝔀 ♡",
  "rpcstate": "i’m cooked",
  "rpctype": "PLAYING",
  "rpclargeimage": "https://media.discordapp.net/attachments/1246933328750182542/1293220056284528721/490F53B2-2A3A-4E65-95C1-FA2C51284597.gif?ex=67069488&is=67054308&hm=6f31feabf31d38d4f09df9a98eccb5dea5c8f55b422c4664f680d5743d5d56a0&",
  "rpclargeimagetext": "",
  "rpcsmallimage": "",
  "rpcsmallimagetext": "",
  "appid": "1283430160036659221",
  "buttontext1": "joint",
  "buttonlink1": "https://discord.gg/npBrXD6BYU",
  "buttontext2": "",
  "buttonlink2": "",
  "spotifyonoff": "off",
  "spotifylargeimage": "",
  "spotifysmallimage": "",
  "spotifystates": "",
  "spotifyalbum": "",
  "spotifydetails": "",
  "spotifyendtimestamp": null,
  "rainbowrole": [],
  "rpctime": 1728281732890,
  "rpcminparty": 0,
  "rpcmaxparty": 0,
  "webhooklogs": null,
  "aboutme": null,
  "hype": null,
  "rpctextstatus": null,
  "rpcemoji": null,
  "botname": "NEXUS V3",
  "rpcplatform": "desktop",
  "afk": {
    "enabled": false,
    "reason": ""
  },
  "rolemenus": [],
  "onlogger": "",
  "logger": "",
  "clogger": "#FFFFFF",
  "ologger": ""
}