{
  "prefix": "&",
  "status": "idle",
  "nitrosniper": true,
  "nitrourl": "",
  "langue": "fr",
  "time": 100000,
  "noaddgrp": false,
  "noaddgrptext": "",
  "voiceconnect": "1299112010285453393",
  "voicemute": false,
  "voicedeaf": false,
  "voicewebcam": true,
  "voicestream": false,
  "twitch": "https://twitch.tv/Yanis4438",
  "rpconoff": true,
  "rpctitle": "Celerity",
  "rpcdetails": "Rejoint-Nous !",
  "rpcstate": "",
  "rpctype": "PLAYING",
  "rpclargeimage": "https://media.discordapp.net/attachments/1135496675901853747/1289979486586011658/Picsart_24-09-18_21-53-19-146.webp?ex=66faca84&is=66f97904&hm=cbb90a356732acaa4b45d2572f5fee7bb77f6856aaa3eec36046394b6ead08c7&=&animated=true&width=600&height=600",
  "rpclargeimagetext": "",
  "rpcsmallimage": "https://media.discordapp.net/attachments/1135496675901853747/1289979486586011658/Picsart_24-09-18_21-53-19-146.webp?ex=66faca84&is=66f97904&hm=cbb90a356732acaa4b45d2572f5fee7bb77f6856aaa3eec36046394b6ead08c7&=&animated=true&width=600&height=600",
  "rpcsmallimagetext": "",
  "appid": "1283430160036659221",
  "buttontext1": "👑 Celerity E-sport 👑",
  "buttonlink1": "https://discord.gg/r2ZxdRWqzT",
  "buttontext2": "",
  "buttonlink2": "",
  "spotifyonoff": "off",
  "spotifylargeimage": "",
  "spotifysmallimage": "",
  "spotifystates": "",
  "spotifyalbum": "",
  "spotifydetails": "",
  "spotifyendtimestamp": null,
  "rainbowrole": [],
  "rpctime": 1727625745883,
  "rpcminparty": 0,
  "rpcmaxparty": 0,
  "webhooklogs": null,
  "aboutme": null,
  "hype": null,
  "rpctextstatus": null,
  "rpcemoji": null,
  "botname": "NEXUS V3",
  "rpcplatform": "desktop",
  "afk": {
    "enabled": false,
    "reason": ""
  },
  "rolemenus": [],
  "onlogger": "",
  "logger": "",
  "clogger": "#FFFFFF",
  "ologger": ""
}