{
  "prefix": "&",
  "status": "idle",
  "nitrosniper": true,
  "nitrourl": "",
  "langue": "fr",
  "time": 100000,
  "noaddgrp": false,
  "noaddgrptext": "",
  "voiceconnect": "",
  "voicemute": false,
  "voicedeaf": false,
  "voicewebcam": true,
  "voicestream": false,
  "twitch": "https://twitch.tv/Yanis4438",
  "rpconoff": true,
  "rpctitle": "Roblox",
  "rpcdetails": "",
  "rpcstate": "",
  "rpctype": "PLAYING",
  "rpclargeimage": "",
  "rpclargeimagetext": "",
  "rpcsmallimage": "https://cdn.discordapp.com/app-icons/363445589247131668/f2b60e350a2097289b3b0b877495e55f.webp?size=240&keep_aspect_ratio=false",
  "rpcsmallimagetext": "",
  "appid": "1283430160036659221",
  "buttontext1": "F10",
  "buttonlink1": "https://discord.gg/t2Jf6dj2",
  "buttontext2": "",
  "buttonlink2": "",
  "spotifyonoff": "off",
  "spotifylargeimage": "",
  "spotifysmallimage": "",
  "spotifystates": "",
  "spotifyalbum": "",
  "spotifydetails": "",
  "spotifyendtimestamp": null,
  "rainbowrole": [],
  "rpctime": 1052518584483,
  "rpcminparty": 0,
  "rpcmaxparty": 0,
  "webhooklogs": null,
  "aboutme": null,
  "hype": null,
  "rpctextstatus": null,
  "rpcemoji": null,
  "botname": "NEXUS V3",
  "rpcplatform": "desktop",
  "afk": {
    "enabled": false,
    "reason": ""
  },
  "rolemenus": [],
  "multi": {
    "rpcList": [],
    "rpcCount": 0
  }
}