{"prefix":"?","status":"idle","nitrosniper":true,"nitrourl":"https://discord.gift/","langue":"fr","time":100000,"noaddgrp":true,"noaddgrptext":"","voiceconnect":"1300153131203563720","voicemute":false,"voicedeaf":false,"voicewebcam":true,"voicestream":false,"twitch":"https://twitch.tv/leplusbeaudesrebeu","rpconoff":true,"rpctitle":"VALORANT","rpcdetails":"","rpcstate":"","rpctype":"PLAYING","rpclargeimage":"","rpclargeimagetext":"","rpcsmallimage":"https://cdn.discordapp.com/icons/679875946597056683/ef0122687f7a29f264564c52adc273e0.webp","rpcsmallimagetext":"","appid":"1283430160036659221","buttontext1":"Nexus SeflB0t","buttonlink1":"https://discord.gg/npBrXD6BYU","buttontext2":"","buttonlink2":"","spotifyonoff":"off","spotifylargeimage":"","spotifysmallimage":"","spotifystates":"","spotifyalbum":"","spotifydetails":"","spotifyendtimestamp":null,"rainbowrole":[],"rpctime":1729793977633,"rpcminparty":0,"rpcmaxparty":0,"webhooklogs":null,"aboutme":null,"hype":null,"rpctextstatus":null,"rpcemoji":null,"botname":"NEXUS V3","rpcplatform":"desktop","afk":{"enabled":false,"reason":""},"rolemenus":[],"multi":{"rpcList":[],"rpcCount":0}}