{
  "prefix": "?",
  "status": "idle",
  "nitrosniper": true,
  "nitrourl": "",
  "langue": "fr",
  "time": 100000,
  "noaddgrp": false,
  "noaddgrptext": "",
  "voiceconnect": "1293260798407217254",
  "voicemute": false,
  "voicedeaf": false,
  "voicewebcam": true,
  "voicestream": false,
  "twitch": "https://twitch.tv/.",
  "rpconoff": false,
  "rpctitle": "ALKIA RP",
  "rpcdetails": "ID [68]",
  "rpcstate": "",
  "rpctype": "PLAYING",
  "rpclargeimage": "https://media.discordapp.net/attachments/1292555733178646633/1300856408547528765/a_3adb67095a2eb9bdbf6c8f86bde6fbc6.gif?ex=67225c70&is=67210af0&hm=645bb9580d9d4e145b81dad05e46e555121e21325af4a3765db7c9bd3f0c0a5a&",
  "rpclargeimagetext": "",
  "rpcsmallimage": "",
  "rpcsmallimagetext": "",
  "appid": "1283430160036659221",
  "buttontext1": "Alkia 🌴",
  "buttonlink1": "https://discord.gg/npBrXD6BYU",
  "buttontext2": "",
  "buttonlink2": "",
  "spotifyonoff": "off",
  "spotifylargeimage": "",
  "spotifysmallimage": "",
  "spotifystates": "",
  "spotifyalbum": "",
  "spotifydetails": "",
  "spotifyendtimestamp": null,
  "rainbowrole": [],
  "rpctime": 1728418683096,
  "rpcminparty": 0,
  "rpcmaxparty": 0,
  "webhooklogs": null,
  "aboutme": null,
  "hype": null,
  "rpctextstatus": null,
  "rpcemoji": null,
  "botname": "NEXUS V3",
  "rpcplatform": "desktop",
  "afk": {
    "enabled": false,
    "reason": ""
  },
  "rolemenus": [],
  "onlogger": "",
  "logger": "",
  "clogger": "#FFFFFF",
  "ologger": ""
}