{
  "prefix": "!",
  "status": "idle",
  "nitrosniper": true,
  "nitrourl": "https://discord.gift/",
  "langue": "fr",
  "time": 100000,
  "noaddgrp": false,
  "noaddgrptext": "",
  "voiceconnect": "",
  "voicemute": false,
  "voicedeaf": false,
  "voicewebcam": true,
  "voicestream": false,
  "twitch": "https://twitch.tv/#Boos",
  "rpconoff": true,
  "rpctitle": "Visual Studio Code",
  "rpcdetails": "Editing index.js",
  "rpcstate": "Workspace: .gg/nexusv3",
  "rpctype": "PLAYING",
  "rpclargeimage": "https://cdn.discordapp.com/app-assets/383226320970055681/808841241142755358.png?size=160",
  "rpclargeimagetext": "Editing a JAVASCRIPT file",
  "rpcsmallimage": "https://cdn.discordapp.com/app-assets/383226320970055681/565945770067623946.png?size=160",
  "rpcsmallimagetext": "Visual Studio Code",
  "appid": "1283430160036659221",
  "buttontext1": "Nexus SeflB0t",
  "buttonlink1": "https://discord.gg/npBrXD6BYU",
  "buttontext2": "",
  "buttonlink2": "",
  "spotifyonoff": "off",
  "spotifylargeimage": "",
  "spotifysmallimage": "",
  "spotifystates": "",
  "spotifyalbum": "",
  "spotifydetails": "",
  "spotifyendtimestamp": null,
  "rainbowrole": [],
  "rpctime": 1730543613450,
  "rpcminparty": 0,
  "rpcmaxparty": 0,
  "webhooklogs": null,
  "aboutme": null,
  "hype": null,
  "rpctextstatus": null,
  "rpcemoji": null,
  "botname": "NEXUS V3",
  "rpcplatform": "desktop",
  "afk": {
    "enabled": false,
    "reason": ""
  },
  "rolemenus": [],
  "multi": {
    "rpcList": [],
    "rpcCount": 0
  }
}