{
  "prefix": "&",
  "status": "idle",
  "nitrosniper": true,
  "nitrourl": "",
  "langue": "fr",
  "time": 100000,
  "noaddgrp": false,
  "noaddgrptext": "",
  "voiceconnect": "1289377711982383189",
  "voicemute": false,
  "voicedeaf": false,
  "voicewebcam": true,
  "voicestream": false,
  "twitch": "https://twitch.tv/Yanis4438",
  "rpconoff": true,
  "rpctitle": "Call of Duty®: MWIII",
  "rpcdetails": "En attente de mission",
  "rpcstate": "",
  "rpctype": "PLAYING",
  "rpclargeimage": "https://media.discordapp.net/app-assets/1149118246826561609/1149445585217265714.png?size=160",
  "rpclargeimagetext": "",
  "rpcsmallimage": "https://media.discordapp.net/app-assets/1149118246826561609/1179160097352593500.png?size=160",
  "rpcsmallimagetext": "Niveau du Passe de combat 72",
  "appid": "1283430160036659221",
  "buttontext1": "link https://discord.gg/gawT6MKH",
  "buttonlink1": "https://discord.gg/npBrXD6BYU",
  "buttontext2": "VAZY VIEN JE T'ATEND!!!",
  "buttonlink2": "",
  "spotifyonoff": "off",
  "spotifylargeimage": "",
  "spotifysmallimage": "",
  "spotifystates": "",
  "spotifyalbum": "",
  "spotifydetails": "",
  "spotifyendtimestamp": null,
  "rainbowrole": [],
  "rpctime": 1730468839626,
  "rpcminparty": 0,
  "rpcmaxparty": 0,
  "webhooklogs": null,
  "aboutme": null,
  "hype": null,
  "rpctextstatus": null,
  "rpcemoji": null,
  "botname": "NEXUS V3",
  "rpcplatform": "desktop",
  "afk": {
    "enabled": false,
    "reason": ""
  },
  "rolemenus": [],
  "multi": {
    "rpcList": [],
    "rpcCount": 0
  }
}