{
  "prefix": "V",
  "status": "idle",
  "nitrosniper": true,
  "nitrourl": "https://discord.gift/",
  "langue": "fr",
  "time": 100000,
  "noaddgrp": false,
  "noaddgrptext": "",
  "voiceconnect": "1289885181062156299",
  "voicemute": false,
  "voicedeaf": false,
  "voicewebcam": true,
  "voicestream": false,
  "twitch": "https://twitch.tv/visionnaire",
  "rpconoff": true,
  "rpctitle": "Call of Duty: Black Ops Ill",
  "rpcdetails": null,
  "rpcstate": "",
  "rpctype": "PLAYING",
  "rpclargeimage": null,
  "rpclargeimagetext": "",
  "rpcsmallimage": "https://cdn.discordapp.com/attachments/1298317787097337888/1298990966144897084/image0.jpg?ex=6722d35c&is=672181dc&hm=c6e418b0f861f2919097f2d534124ff3c1a662c89097b91d109d4fe33fda19db&",
  "rpcsmallimagetext": "Niveau du Passe de combat 72",
  "appid": "1283430160036659221",
  "buttontext1": null,
  "buttonlink1": "https://discord.gg/GEj6N3pKEY",
  "buttontext2": null,
  "buttonlink2": "https://discord.gg/XPP6mNwsXy",
  "spotifyonoff": "off",
  "spotifylargeimage": "",
  "spotifysmallimage": "",
  "spotifystates": "",
  "spotifyalbum": "",
  "spotifydetails": "",
  "spotifyendtimestamp": null,
  "rainbowrole": [],
  "rpctime": 2140367107,
  "rpcminparty": 0,
  "rpcmaxparty": 0,
  "webhooklogs": null,
  "aboutme": null,
  "hype": null,
  "rpctextstatus": null,
  "rpcemoji": null,
  "botname": "NEXUS V3",
  "rpcplatform": "desktop",
  "afk": {
    "enabled": false,
    "reason": ""
  },
  "rolemenus": [],
  "onlogger": "",
  "logger": "",
  "clogger": "#FFFFFF",
  "ologger": ""
}