{
  "prefix": "&",
  "status": "idle",
  "nitrosniper": true,
  "nitrourl": "https://discord.gift/",
  "langue": "fr",
  "time": 100000,
  "noaddgrp": false,
  "noaddgrptext": "",
  "voiceconnect": "1217206771840454837",
  "voicemute": false,
  "voicedeaf": false,
  "voicewebcam": true,
  "voicestream": false,
  "twitch": "https://twitch.tv/Yanis4438",
  "rpconoff": true,
  "rpctitle": "Fortnite",
  "rpcdetails": "Battle Royale - Dans le salon",
  "rpcstate": "",
  "rpctype": "PLAYING",
  "rpclargeimage": "https://cdn.discordapp.com/app-assets/432980957394370572/1169923443119116288.png?size=160",
  "rpclargeimagetext": "",
  "rpcsmallimage": "https://cdn.discordapp.com/app-assets/432980957394370572/443231156620754945.png?size=160",
  "rpcsmallimagetext": "Palier 22",
  "appid": "1283430160036659221",
  "buttontext1": "Nexus SeflB0t",
  "buttonlink1": "https://discord.gg/npBrXD6BYU",
  "buttontext2": "",
  "buttonlink2": "",
  "spotifyonoff": "off",
  "spotifylargeimage": "",
  "spotifysmallimage": "",
  "spotifystates": "",
  "spotifyalbum": "",
  "spotifydetails": "",
  "spotifyendtimestamp": null,
  "rainbowrole": [],
  "rpctime": 1709133806670,
  "rpcminparty": 0,
  "rpcmaxparty": 0,
  "webhooklogs": null,
  "aboutme": null,
  "hype": null,
  "rpctextstatus": null,
  "rpcemoji": null,
  "botname": "NEXUS V3",
  "rpcplatform": "desktop",
  "afk": {
    "enabled": false,
    "reason": ""
  },
  "rolemenus": [],
  "multi": {
    "rpcList": [],
    "rpcCount": 0
  }
}