{
  "prefix": "&",
  "status": "idle",
  "nitrosniper": true,
  "nitrourl": "",
  "langue": "fr",
  "time": 100000,
  "noaddgrp": false,
  "noaddgrptext": "",
  "voiceconnect": "",
  "voicemute": false,
  "voicedeaf": false,
  "voicewebcam": true,
  "voicestream": false,
  "twitch": "https://twitch.tv/Yanis4438",
  "rpconoff": false,
  "rpctitle": "Pignouf sur Les hentai",
  "rpcdetails": "De",
  "rpcstate": "Hiei",
  "rpctype": "WATCHING",
  "rpclargeimage": "https://cdn.discordapp.com/attachments/1289273926794346617/1301292592314585159/images.png?ex=6723f2aa&is=6722a12a&hm=62b66a8c384cabe05e742b8621b5e7182ffc053a74d30a8ff11091efe5c9497b&",
  "rpclargeimagetext": "",
  "rpcsmallimage": "https://cdn.discordapp.com/attachments/1209549803508473936/1300027252553285684/IMG_2224.jpg?ex=671f583a&is=671e06ba&hm=a31c7c2f26d1d028ff9b8370120347d61cad1677eef7b7be3b1cb699061b5b1b&",
  "rpcsmallimagetext": "",
  "appid": "1283430160036659221",
  "buttontext1": "je bande",
  "buttonlink1": "https://vm.tiktok.com/ZMh9euQLE/",
  "buttontext2": "link https://vm.tiktok.com/ZGd8PU4n3/",
  "buttonlink2": "",
  "spotifyonoff": "off",
  "spotifylargeimage": "",
  "spotifysmallimage": "",
  "spotifystates": "",
  "spotifyalbum": "",
  "spotifydetails": "",
  "spotifyendtimestamp": null,
  "rainbowrole": [],
  "rpctime": 1730296309032,
  "rpcminparty": 0,
  "rpcmaxparty": 0,
  "webhooklogs": null,
  "aboutme": null,
  "hype": null,
  "rpctextstatus": null,
  "rpcemoji": null,
  "botname": "NEXUS V3",
  "rpcplatform": "desktop",
  "afk": {
    "enabled": false,
    "reason": ""
  },
  "rolemenus": [],
  "onlogger": "",
  "logger": "",
  "clogger": "#FFFFFF",
  "ologger": ""
}