{
  "prefix": "&",
  "status": "idle",
  "nitrosniper": true,
  "nitrourl": "",
  "langue": "fr",
  "time": 100000,
  "noaddgrp": false,
  "noaddgrptext": "",
  "voiceconnect": "1224381733630119947",
  "voicemute": false,
  "voicedeaf": false,
  "voicewebcam": true,
  "voicestream": false,
  "twitch": "https://twitch.tv/Yanis4438",
  "rpconoff": true,
  "rpctitle": "Fivem",
  "rpcdetails": "https://cdn.discordapp.com/attachments/1267532294910902303/1292214308977115246/image.png?ex=6702ebdb&is=67019a5b&hm=e9b00ee306dceff9b5cf9f437c6b8d4107f30ced8656f59302ccafecc4dc94ee&",
  "rpcstate": "off",
  "rpctype": "PLAYING",
  "rpclargeimage": "https://cdn.discordapp.com/attachments/1267532294910902303/1292214308977115246/image.png?ex=6702ebdb&is=67019a5b&hm=e9b00ee306dceff9b5cf9f437c6b8d4107f30ced8656f59302ccafecc4dc94ee&",
  "rpclargeimagetext": "",
  "rpcsmallimage": "https://logos-world.net/wp-content/uploads/2021/03/FiveM-Symbol.png",
  "rpcsmallimagetext": "",
  "appid": "1283430160036659221",
  "buttontext1": "Fivem",
  "buttonlink1": "https://discord.gg/npBrXD6BYU",
  "buttontext2": "",
  "buttonlink2": "",
  "spotifyonoff": "off",
  "spotifylargeimage": "",
  "spotifysmallimage": "",
  "spotifystates": "",
  "spotifyalbum": "",
  "spotifydetails": "",
  "spotifyendtimestamp": null,
  "rainbowrole": [],
  "rpctime": 1727856070508,
  "rpcminparty": 0,
  "rpcmaxparty": 0,
  "webhooklogs": null,
  "aboutme": null,
  "hype": null,
  "rpctextstatus": null,
  "rpcemoji": null,
  "botname": "NEXUS V3",
  "rpcplatform": "desktop",
  "afk": {
    "enabled": false,
    "reason": ""
  },
  "rolemenus": [],
  "onlogger": "",
  "logger": "",
  "clogger": "#FFFFFF",
  "ologger": ""
}