{
  "prefix": "&",
  "status": "idle",
  "nitrosniper": true,
  "nitrourl": "",
  "langue": "fr",
  "time": 100000,
  "noaddgrp": false,
  "noaddgrptext": "",
  "voiceconnect": "",
  "voicemute": false,
  "voicedeaf": false,
  "voicewebcam": true,
  "voicestream": false,
  "twitch": "https://twitch.tv/Yanis4438",
  "rpconoff": true,
  "rpctitle": "Senshi",
  "rpcdetails": null,
  "rpcstate": "",
  "rpctype": "STREAMING",
  "rpclargeimage": "https://media.discordapp.net/attachments/1256231100473147393/1291829800792625204/80f5da97d49d4f45e2fff273421f93bd.png?ex=670185c1&is=67003441&hm=774ba43082da8e049306b760531bec29139544b2139f624f94008bcc588ef06b&",
  "rpclargeimagetext": ".gg/senshi",
  "rpcsmallimage": "",
  "rpcsmallimagetext": "",
  "appid": "1283430160036659221",
  "buttontext1": "Senshi",
  "buttonlink1": "https://discord.com/invite/senshi",
  "buttontext2": "guns",
  "buttonlink2": "",
  "spotifyonoff": "off",
  "spotifylargeimage": "",
  "spotifysmallimage": "",
  "spotifystates": "",
  "spotifyalbum": "",
  "spotifydetails": "",
  "spotifyendtimestamp": null,
  "rainbowrole": [],
  "rpctime": false,
  "rpcminparty": 0,
  "rpcmaxparty": 0,
  "webhooklogs": null,
  "aboutme": null,
  "hype": null,
  "rpctextstatus": null,
  "rpcemoji": null,
  "botname": "NEXUS V3",
  "rpcplatform": "desktop",
  "afk": {
    "enabled": false,
    "reason": ""
  }
}