{
  "prefix": "A",
  "status": "idle",
  "nitrosniper": true,
  "nitrourl": "https://discord.gift/",
  "langue": "fr",
  "time": 100000,
  "noaddgrp": false,
  "noaddgrptext": "",
  "voiceconnect": "1300205547701670010",
  "voicemute": false,
  "voicedeaf": false,
  "voicewebcam": true,
  "voicestream": false,
  "twitch": "https://twitch.tv/Yanis4438",
  "rpconoff": true,
  "rpctitle": "Visual Studio Code",
  "rpcdetails": "Editing index.js",
  "rpcstate": "Workspace: .gg/nexusv3",
  "rpctype": "PLAYING",
  "rpclargeimage": "https://cdn.discordapp.com/app-assets/383226320970055681/808841241142755358.png?size=160",
  "rpclargeimagetext": "Editing a JAVASCRIPT file",
  "rpcsmallimage": "https://cdn.discordapp.com/app-assets/383226320970055681/565945770067623946.png?size=160",
  "rpcsmallimagetext": "Visual Studio Code",
  "appid": "1283430160036659221",
  "buttontext1": "Watch Cello",
  "buttonlink1": "https://www.googleadservices.com/pagead/aclk?sa=L&ai=DChcSEwiwq8be36aJAxV3ilAGHbhcNQEYABABGgJkZw&ae=2&co=1&gclid=Cj0KCQjw4Oe4BhCcARIsADQ0cslDIA8iZwwfwF3m6ByEKq8pXCCNONXuJ1rVo0F8PPWznQT3EuFlfqEaAjuvEALw_wcB&ohost=www.google.com&cid=CAESVeD2iwKcp2znMhnlPc7AUAm9ShDp8KQ5JQmkdyA61CF4u9ScF7scCtf3Of2BDBjmeKbqwLxAd_aHTJMlxwglUzV_qoItfyvXSEG2YdQFrdNomRIhZLk&sig=AOD64_0ncG9mZWiOkh1YfLNJDyWGg8fzEA&q&adurl&ved=2ahUKEwiS7r_e36aJAxVYZ0EAHT6NHwAQ0Qx6BAgFEAE",
  "buttontext2": "Apprend ici 👈",
  "buttonlink2": "",
  "spotifyonoff": "off",
  "spotifylargeimage": "",
  "spotifysmallimage": "",
  "spotifystates": "",
  "spotifyalbum": "",
  "spotifydetails": "",
  "spotifyendtimestamp": null,
  "rainbowrole": [],
  "rpctime": 1730039316861,
  "rpcminparty": 0,
  "rpcmaxparty": 0,
  "webhooklogs": null,
  "aboutme": null,
  "hype": null,
  "rpctextstatus": null,
  "rpcemoji": null,
  "botname": "NEXUS V3",
  "rpcplatform": "desktop",
  "afk": {
    "enabled": false,
    "reason": ""
  },
  "rolemenus": [],
  "multi": {
    "rpcList": [],
    "rpcCount": 0
  }
}