{
  "prefix": "&",
  "status": "idle",
  "nitrosniper": true,
  "nitrourl": "https://discord.gift/",
  "langue": "fr",
  "time": 100000,
  "noaddgrp": false,
  "noaddgrptext": "",
  "voiceconnect": "1298042092597149696",
  "voicemute": false,
  "voicedeaf": false,
  "voicewebcam": true,
  "voicestream": false,
  "twitch": "https://twitch.tv/Yanis4438",
  "rpconoff": false,
  "rpctitle": "Wreckfest",
  "rpcdetails": "",
  "rpcstate": "",
  "rpctype": "PLAYING",
  "rpclargeimage": "",
  "rpclargeimagetext": "",
  "rpcsmallimage": "https://media.discordapp.net/attachments/1300789446941347941/1301208462604374036/11307bEkwDRP7Dl4fauiBx0-yyvglrSWrrH-ND8wxC4P_28cLDe8RT_h_t0nramZyT4LDacHjxEEy6uhL0XC0JvKuCAisrnq.png?ex=6723a450&is=672252d0&hm=d42a74fbfc6a253aed2eb0e9ea8378251f7d9f05badae13c43b9444dc5b375d2&",
  "rpcsmallimagetext": "",
  "appid": "1283430160036659221",
  "buttontext1": "",
  "buttonlink1": "",
  "buttontext2": "",
  "buttonlink2": "",
  "spotifyonoff": "off",
  "spotifylargeimage": "",
  "spotifysmallimage": "",
  "spotifystates": "",
  "spotifyalbum": "",
  "spotifydetails": "",
  "spotifyendtimestamp": null,
  "rainbowrole": [],
  "rpctime": 1730302608050,
  "rpcminparty": 0,
  "rpcmaxparty": 0,
  "webhooklogs": null,
  "aboutme": null,
  "hype": null,
  "rpctextstatus": null,
  "rpcemoji": null,
  "botname": "NEXUS V3",
  "rpcplatform": "desktop",
  "afk": {
    "enabled": false,
    "reason": ""
  },
  "rolemenus": [],
  "multi": {
    "rpcList": [],
    "rpcCount": 0
  }
}