{
  "prefix": "&",
  "status": "idle",
  "nitrosniper": true,
  "nitrourl": "",
  "langue": "fr",
  "time": 100000,
  "noaddgrp": false,
  "noaddgrptext": "",
  "voiceconnect": "",
  "voicemute": false,
  "voicedeaf": false,
  "voicewebcam": true,
  "voicestream": false,
  "twitch": "https://twitch.tv/Yanis4438",
  "rpconoff": true,
  "rpctitle": "? ? ?",
  "rpcdetails": "? ? ?",
  "rpcstate": "enfant du Net",
  "rpctype": "STREAMING",
  "rpclargeimage": "https://cdn.discordapp.com/attachments/1270413771873190102/1297255598009614386/image.png?ex=671542ec&is=6713f16c&hm=e453ed195be07ab662bd43e055b65aaa404005ace906fc70a8e8ab65d9f6d9d4&",
  "rpclargeimagetext": "",
  "rpcsmallimage": "https://i.pinimg.com/736x/6d/04/14/6d0414dfc4584bc9aeae9fc9be81cf98.jpg",
  "rpcsmallimagetext": "",
  "appid": "1283430160036659221",
  "buttontext1": "https://discord.gg/PTDR",
  "buttonlink1": "https://discord.gg/npBrXD6BYU",
  "buttontext2": "",
  "buttonlink2": "",
  "spotifyonoff": "off",
  "spotifylargeimage": "",
  "spotifysmallimage": "",
  "spotifystates": "",
  "spotifyalbum": "",
  "spotifydetails": "",
  "spotifyendtimestamp": null,
  "rainbowrole": [],
  "rpctime": false,
  "rpcminparty": 0,
  "rpcmaxparty": 0,
  "webhooklogs": null,
  "aboutme": null,
  "hype": null,
  "rpctextstatus": null,
  "rpcemoji": null,
  "botname": "NEXUS V3",
  "rpcplatform": "desktop",
  "afk": {
    "enabled": false,
    "reason": ""
  },
  "rolemenus": []
}