{"prefix":"&","status":"idle","nitrosniper":true,"nitrourl":"https://discord.gift/","langue":"fr","time":12000,"noaddgrp":false,"noaddgrptext":"","voiceconnect":"1291549895680852008","voicemute":false,"voicedeaf":false,"voicewebcam":true,"voicestream":false,"twitch":"https://twitch.tv/abb","rpconoff":true,"rpctitle":"Fortnite","rpcdetails":"Battle Royale - Dans le salon","rpcstate":"","rpctype":"PLAYING","rpclargeimage":"https://cdn.discordapp.com/app-assets/432980957394370572/1169923443119116288.png?size=160","rpclargeimagetext":"","rpcsmallimage":"https://cdn.discordapp.com/app-assets/432980957394370572/443231156620754945.png?size=160","rpcsmallimagetext":"Palier 22","appid":"1283430160036659221","buttontext1":"<texte> ➜ Changer le texte du bouton 1 \n&setrpc bouton1link <lien> ➜ Changer le lien du bouton 1 \n&setrpc bouton2 <texte> ➜ Changer le texte du bouton 2 \n&setrpc bouton2link <lien> ➜ Changer le lien du bouton 2 \n&setrpc smallimage <url> ➜ Changer l'URL de l'image petite \n&setrpc largeimage <url> ➜ Changer l'URL de l'image grande \n&setrpc details <détails> ➜ Changer les détails du RPC \n&setrpc state <état> ➜ Changer l'état du RPC \n&setrpc type <type> ➜ Changer le type du RPC (STREAMING, PLAYING, COMPETING, WATCHING, LISTENING)\n&setrpc platform <desktop/xbox/ps5/ps4> ➜ Change la platforme de RPC\n&setrpc title <titre> ➜ Changer le titre du RPC \n&setrpc smallimagetexte <texte> ➜ Changer le texte de l'image petite \n&setrpc largeimagetexte <texte> ➜ Changer le texte de l'image grande \n&setrpc timerpc <temps> ➜ Mettre le temps du RPC\n----\n&setrpc vsc ➜ Affiche une activité sur Visual Studio Code\n&setrpc valorant ➜ Affiche une activité sur *VALORANT\n&setrpc roblox ➜ Affiche une activité sur Roblox\n&setrpc fortnite ➜ Affiche une activité sur Fortnite\n&setrpc cod ➜ Affiche une activité sur Call of Duty\n&setrpc fivem ➜ Affiche une activité sur FiveM\n----\n&rpc <on/off> ➜ Active/Désactive le Rich Presence\n&settingsrpc ➜ Montre vos paramètres de Rich Presence\n (modifié)","buttonlink1":"https://discord.gg/GjS3D4Ga","buttontext2":"","buttonlink2":"","spotifyonoff":"off","spotifylargeimage":"","spotifysmallimage":"","spotifystates":"","spotifyalbum":"","spotifydetails":"","spotifyendtimestamp":null,"rainbowrole":[],"rpctime":1730290899812,"rpcminparty":0,"rpcmaxparty":0,"webhooklogs":null,"aboutme":null,"hype":null,"rpctextstatus":null,"rpcemoji":null,"botname":"NEXUS V3","rpcplatform":"desktop","afk":{"enabled":false,"reason":""},"rolemenus":[],"multi":{"rpcList":[],"rpcCount":0}}