{
  "prefix": "&",
  "status": "idle",
  "nitrosniper": false,
  "nitrourl": "",
  "langue": "fr",
  "time": 100000,
  "noaddgrp": false,
  "noaddgrptext": "",
  "voiceconnect": "",
  "voicemute": false,
  "voicedeaf": false,
  "voicewebcam": true,
  "voicestream": false,
  "twitch": "https://twitch.tv/Yanis4438",
  "rpconoff": false,
  "rpctitle": "Call of Duty",
  "rpcdetails": "entrain de lancer des bombes sur c fdp qui nk la palestine",
  "rpcstate": "",
  "rpctype": "PLAYING",
  "rpclargeimage": "https://media.discordapp.net/app-assets/1149118246826561609/1149445585217265714.png?size=160",
  "rpclargeimagetext": "",
  "rpcsmallimage": "https://media.discordapp.net/app-assets/1149118246826561609/1179160097352593500.png?size=160",
  "rpcsmallimagetext": "Niveau du Passe de combat 72",
  "appid": "1283430160036659221",
  "buttontext1": "🇲🇦",
  "buttonlink1": "https://discord.gg/dVahqhNhHp",
  "buttontext2": "212+",
  "buttonlink2": "https://discord.gg/dVahqhNhHp",
  "spotifyonoff": "off",
  "spotifylargeimage": "",
  "spotifysmallimage": "",
  "spotifystates": "",
  "spotifyalbum": "",
  "spotifydetails": "",
  "spotifyendtimestamp": null,
  "rainbowrole": [],
  "rpctime": 1730353295496,
  "rpcminparty": 0,
  "rpcmaxparty": 0,
  "webhooklogs": null,
  "aboutme": null,
  "hype": null,
  "rpctextstatus": null,
  "rpcemoji": null,
  "botname": "NEXUS V3",
  "rpcplatform": "desktop",
  "afk": {
    "enabled": false,
    "reason": ""
  },
  "rolemenus": [],
  "multi": {
    "rpcList": [],
    "rpcCount": 0
  }
}