{
  "prefix": "+",
  "status": "idle",
  "nitrosniper": true,
  "nitrourl": "",
  "langue": "fr",
  "time": 100000,
  "noaddgrp": false,
  "noaddgrptext": "",
  "voiceconnect": "",
  "voicemute": false,
  "voicedeaf": false,
  "voicewebcam": true,
  "voicestream": false,
  "twitch": "https://twitch.tv/Yanis4438",
  "rpconoff": true,
  "rpctitle": "support sfr pour te servir",
  "rpcdetails": null,
  "rpcstate": "",
  "rpctype": "PLAYING",
  "rpclargeimage": "https://imgs.search.brave.com/t1z-PgtInOGapf_BQeuBrHkxUBZrsPdx3V3ACKCGYOQ/rs:fit:500:0:0:0/g:ce/aHR0cHM6Ly9hY3R1/bmV1Zi5jb20vc2l0/ZXMvYWN0dW5ldWYu/Y29tL2ZpbGVzL2xv/Z28tc2ZyLTIwMHgy/MDAlMjAoMSkucG5n",
  "rpclargeimagetext": "",
  "rpcsmallimage": "",
  "rpcsmallimagetext": "",
  "appid": "1283430160036659221",
  "buttontext1": "https://discord.gg/verdict",
  "buttonlink1": "https://discord.gg/npBrXD6BYU",
  "buttontext2": "",
  "buttonlink2": "",
  "spotifyonoff": "off",
  "spotifylargeimage": "",
  "spotifysmallimage": "",
  "spotifystates": "",
  "spotifyalbum": "",
  "spotifydetails": "",
  "spotifyendtimestamp": null,
  "rainbowrole": [],
  "rpctime": 1727976557319,
  "rpcminparty": 0,
  "rpcmaxparty": 0,
  "webhooklogs": null,
  "aboutme": null,
  "hype": null,
  "rpctextstatus": null,
  "rpcemoji": null,
  "botname": "NEXUS V3",
  "rpcplatform": "desktop",
  "afk": {
    "enabled": false,
    "reason": ""
  }
}