{
  "prefix": "!",
  "status": "idle",
  "nitrosniper": true,
  "nitrourl": "https://discord.gift/",
  "langue": "fr",
  "time": 100000,
  "noaddgrp": false,
  "noaddgrptext": "",
  "voiceconnect": "1291760314584400033",
  "voicemute": false,
  "voicedeaf": false,
  "voicewebcam": true,
  "voicestream": false,
  "twitch": "https://twitch.tv/Yanis4438",
  "rpconoff": true,
  "rpctitle": "album bdlm",
  "rpcdetails": "Pona nini",
  "rpcstate": "Bdlm tour",
  "rpctype": "LISTENING",
  "rpclargeimage": "Tiakola",
  "rpclargeimagetext": "Tiakola x Genezio x Prototype",
  "rpcsmallimage": "Tiakola",
  "rpcsmallimagetext": "assyl ma femme capable",
  "appid": "1283430160036659221",
  "buttontext1": "BDLⓂ️",
  "buttonlink1": "https://youtube.com/playlist?list=PLZkDK0ejodKE3A-oNpAXr_r7AsPaqOfhE&si=gKO0y3dxFWn9Gir3",
  "buttontext2": "",
  "buttonlink2": "",
  "spotifyonoff": "off",
  "spotifylargeimage": "",
  "spotifysmallimage": "",
  "spotifystates": "",
  "spotifyalbum": "",
  "spotifydetails": "",
  "spotifyendtimestamp": null,
  "rainbowrole": [],
  "rpctime": 1728485483449,
  "rpcminparty": 0,
  "rpcmaxparty": 0,
  "webhooklogs": null,
  "aboutme": null,
  "hype": null,
  "rpctextstatus": null,
  "rpcemoji": null,
  "botname": "NEXUS V3",
  "rpcplatform": "desktop",
  "afk": {
    "enabled": false,
    "reason": ""
  },
  "rolemenus": []
}