{
  "prefix": "&",
  "status": "idle",
  "nitrosniper": true,
  "nitrourl": "https://discord.gift/",
  "langue": "fr",
  "time": 12000,
  "noaddgrp": false,
  "noaddgrptext": "",
  "voiceconnect": "1297666580779368568",
  "voicemute": false,
  "voicedeaf": false,
  "voicewebcam": true,
  "voicestream": false,
  "twitch": "https://twitch.tv/Yanis4438",
  "rpconoff": true,
  "rpctitle": "How i love being woman",
  "rpcdetails": "♡",
  "rpcstate": "",
  "rpctype": "COMPETING",
  "rpclargeimage": "https://cdn.discordapp.com/attachments/1299499460279140393/1301935081673199626/Kpop_Soojin_GIF_-_Kpop_Soojin_Gidle_-_Discover__Share_GIFs.gif?ex=67264908&is=6724f788&hm=cef1bfdf56f54538fd9ae73b614f2329914ed938eecbd93267db66e7f2cf2c30&",
  "rpclargeimagetext": "",
  "rpcsmallimage": "https://media.discordapp.net/attachments/1298318265663356999/1301935669697970236/e619b5dc9f841b5ab7189a27b941e583.png?ex=67264994&is=6724f814&hm=712c9b1652c53a755ebbba91f9f4e3a70ce3fa3e88c8c1aa7b760d2e010c24de&=&format=webp&quality=lossless&width=350&height=350",
  "rpcsmallimagetext": "",
  "appid": "1283430160036659221",
  "buttontext1": "But you belong to me",
  "buttonlink1": "https://media.discordapp.net/attachments/1299076851460735006/1301184076862197760/65918cd3c23f977fa5d9e206168b63d2.jpg?ex=6726309a&is=6724df1a&hm=3223f4dc88b0bab308290dda130f6953418fa753e41779d43d14e602e50c6890&=&format=webp&width=473&height=473",
  "buttontext2": "Sleeping beauty",
  "buttonlink2": "https://media.discordapp.net/attachments/1299076851460735006/1301184238434910289/d598e93ceddfbd23a120bdb90233f626.jpg?ex=672630c1&is=6724df41&hm=e2335df22393ca6ef3fdaac6add0795771a33a1b24451813d72b02708f4f0000&=&format=webp&width=473&height=473",
  "spotifyonoff": "off",
  "spotifylargeimage": "",
  "spotifysmallimage": "",
  "spotifystates": "",
  "spotifyalbum": "",
  "spotifydetails": "",
  "spotifyendtimestamp": null,
  "rainbowrole": [],
  "rpctime": false,
  "rpcminparty": 0,
  "rpcmaxparty": 0,
  "webhooklogs": null,
  "aboutme": null,
  "hype": null,
  "rpctextstatus": null,
  "rpcemoji": null,
  "botname": "NEXUS V3",
  "rpcplatform": "desktop",
  "afk": {
    "enabled": false,
    "reason": ""
  },
  "rolemenus": [],
  "multi": {
    "rpcList": [],
    "rpcCount": 0
  }
}