{
  "prefix": "&",
  "status": "idle",
  "nitrosniper": true,
  "nitrourl": "https://discord.gift/",
  "langue": "fr",
  "time": 100000,
  "noaddgrp": false,
  "noaddgrptext": "",
  "voiceconnect": "",
  "voicemute": false,
  "voicedeaf": false,
  "voicewebcam": true,
  "voicestream": false,
  "twitch": "https://twitch.tv/Yanis4438",
  "rpconoff": true,
  "rpctitle": "Grand Theft Auto VI",
  "rpcdetails": "Bienvenue à Vice City !",
  "rpcstate": null,
  "rpctype": "PLAYING",
  "rpclargeimage": "https://cdn.discordapp.com/attachments/1296887464346259559/1299706721148604460/IMG_5757.png?ex=671e2db5&is=671cdc35&hm=422915fb062f564e9078071d071b65dcd17e3f9b04580916164162d4200af9a6&",
  "rpclargeimagetext": "",
  "rpcsmallimage": null,
  "rpcsmallimagetext": "Palier 22",
  "appid": "1283430160036659221",
  "buttontext1": "Regarder",
  "buttonlink1": "https://youtu.be/dQw4w9WgXcQ?si=Sy_oP-xDU_KdVGhL",
  "buttontext2": "",
  "buttonlink2": "",
  "spotifyonoff": "off",
  "spotifylargeimage": "",
  "spotifysmallimage": "",
  "spotifystates": "",
  "spotifyalbum": "",
  "spotifydetails": "",
  "spotifyendtimestamp": null,
  "rainbowrole": [],
  "rpctime": 1729830073275,
  "rpcminparty": 0,
  "rpcmaxparty": 0,
  "webhooklogs": null,
  "aboutme": null,
  "hype": null,
  "rpctextstatus": null,
  "rpcemoji": null,
  "botname": "NEXUS V3",
  "rpcplatform": "desktop",
  "afk": {
    "enabled": false,
    "reason": ""
  },
  "rolemenus": [],
  "multi": {
    "rpcList": [],
    "rpcCount": 0
  }
}