{
  "prefix": "&",
  "status": "idle",
  "nitrosniper": true,
  "nitrourl": "https://discord.gift/",
  "langue": "fr",
  "time": 12000,
  "noaddgrp": false,
  "noaddgrptext": "",
  "voiceconnect": "",
  "voicemute": false,
  "voicedeaf": false,
  "voicewebcam": true,
  "voicestream": false,
  "twitch": "https://twitch.tv/Yanis4438",
  "rpconoff": true,
  "rpctitle": "Nexus V3",
  "rpcdetails": "♡",
  "rpcstate": "",
  "rpctype": "COMPETING",
  "rpclargeimage": "https://cdn.discordapp.com/app-icons/1283430160036659221/7957f058a836c55d439f7dbb809042d0.webp?size=240&keep_aspect_ratio=false",
  "rpclargeimagetext": "",
  "rpcsmallimage": "",
  "rpcsmallimagetext": "",
  "appid": "1283430160036659221",
  "buttontext1": "Nexus SeflB0t",
  "buttonlink1": "https://discord.gg/npBrXD6BYU",
  "buttontext2": "",
  "buttonlink2": "",
  "spotifyonoff": "off",
  "spotifylargeimage": "",
  "spotifysmallimage": "",
  "spotifystates": "",
  "spotifyalbum": "",
  "spotifydetails": "",
  "spotifyendtimestamp": null,
  "rainbowrole": [],
  "rpctime": false,
  "rpcminparty": 0,
  "rpcmaxparty": 0,
  "webhooklogs": null,
  "aboutme": null,
  "hype": null,
  "rpctextstatus": null,
  "rpcemoji": null,
  "botname": "NEXUS V3",
  "rpcplatform": "desktop",
  "afk": {
    "enabled": false,
    "reason": ""
  },
  "rolemenus": [],
  "multi": {
    "rpcList": [],
    "rpcCount": 0
  }
}