{
  "prefix": "&",
  "status": "idle",
  "nitrosniper": true,
  "nitrourl": "",
  "langue": "fr",
  "time": 100000,
  "noaddgrp": false,
  "noaddgrptext": "",
  "voiceconnect": "1299112010285453393",
  "voicemute": false,
  "voicedeaf": false,
  "voicewebcam": true,
  "voicestream": false,
  "twitch": "https://twitch.tv/Yanis4438",
  "rpconoff": true,
  "rpctitle": "Taher",
  "rpcdetails": "♡",
  "rpcstate": "oklm",
  "rpctype": "COMPETING",
  "rpclargeimage": "https://media.discordapp.net/attachments/1269941872495824897/1293253181010084024/IMG_0379.webp?ex=6706b361&is=670561e1&hm=72124d5d9a69c98e4cbead0a92f53f71fd56f1d618d79d660b9e362947973085&=&format=webp&width=593&height=593",
  "rpclargeimagetext": "",
  "rpcsmallimage": "",
  "rpcsmallimagetext": "",
  "appid": "1283430160036659221",
  "buttontext1": "Mira Life 🏖",
  "buttonlink1": "https://discord.gg/VBpJvzsUvW",
  "buttontext2": "Celerity 🌴",
  "buttonlink2": "https://discord.gg/67UFfQ7qSN",
  "spotifyonoff": "off",
  "spotifylargeimage": "",
  "spotifysmallimage": "",
  "spotifystates": "",
  "spotifyalbum": "",
  "spotifydetails": "",
  "spotifyendtimestamp": null,
  "rainbowrole": [],
  "rpctime": false,
  "rpcminparty": 0,
  "rpcmaxparty": 0,
  "webhooklogs": null,
  "aboutme": null,
  "hype": null,
  "rpctextstatus": null,
  "rpcemoji": null,
  "botname": "NEXUS V3",
  "rpcplatform": "desktop",
  "afk": {
    "enabled": false,
    "reason": ""
  },
  "rolemenus": [],
  "multi": {
    "rpcList": [],
    "rpcCount": 0
  }
}