{
  "prefix": "W",
  "status": "idle",
  "nitrosniper": true,
  "nitrourl": "https://discord.gift/",
  "langue": "fr",
  "time": 100000,
  "noaddgrp": true,
  "noaddgrptext": "",
  "voicemute": false,
  "voicedeaf": false,
  "voicewebcam": true,
  "voicestream": false,
  "twitch": "https://twitch.tv/Yanis4438",
  "rpconoff": true,
  "rpctitle": "FiveM",
  "rpcdetails": "Dans le menus",
  "rpcstate": "",
  "rpctype": "PLAYING",
  "rpclargeimage": "https://cdn.discordapp.com/app-assets/382624125287399424/848636446137909298.png?size=160",
  "rpclargeimagetext": "",
  "rpcsmallimage": "",
  "rpcsmallimagetext": "",
  "appid": "1283430160036659221",
  "buttontext1": "",
  "buttonlink1": "",
  "buttontext2": "",
  "buttonlink2": "",
  "spotifyonoff": "off",
  "spotifylargeimage": "",
  "spotifysmallimage": "",
  "spotifystates": "",
  "spotifyalbum": "",
  "spotifydetails": "",
  "spotifyendtimestamp": null,
  "rainbowrole": [],
  "rpctime": 1730483888859,
  "rpcminparty": 0,
  "rpcmaxparty": 0,
  "webhooklogs": null,
  "aboutme": null,
  "hype": null,
  "rpctextstatus": ".gg/nexusv3",
  "rpcemoji": "<a:1242549438573187092:1289885200117137459>",
  "botname": "NEXUS V3",
  "rpcplatform": "desktop",
  "afk": {
    "enabled": false,
    "reason": ""
  },
  "rolemenus": [],
  "multi": {
    "rpcList": [
      {
        "id": 1,
        "title": "cc",
        "details": "",
        "type": "",
        "rpcsmallimage": "",
        "rpclargeimage": "",
        "rpcplatform": "",
        "buttontext1": "",
        "buttonlink1": "",
        "buttontext2": "",
        "buttonlink2": ""
      },
      {
        "id": 2,
        "title": "",
        "details": "",
        "type": "",
        "rpcsmallimage": "",
        "rpclargeimage": "",
        "rpcplatform": "",
        "buttontext1": "",
        "buttonlink1": "",
        "buttontext2": "",
        "buttonlink2": ""
      }
    ],
    "rpcCount": 2,
    "changeInterval": 30000
  }
}