{
  "prefix": "-",
  "status": "idle",
  "nitrosniper": true,
  "nitrourl": "https://discord.gift/",
  "langue": "fr",
  "time": 100000,
  "noaddgrp": false,
  "noaddgrptext": "",
  "voiceconnect": "",
  "voicemute": false,
  "voicedeaf": false,
  "voicewebcam": true,
  "voicestream": false,
  "twitch": "https://twitch.tv/Yanis4438",
  "rpconoff": true,
  "rpctitle": "𝕯𝖆𝖗𝖐 𝖌𝖊𝖓ᶠʳ",
  "rpcdetails": "**__𝕯𝖆𝖗𝖐 𝖌𝖊𝖓ᶠʳ / Publicité__**\n\n웃 Une communauté active\n웃 Un support 24h/24\n웃 Générateur de qualité\n웃 Shop diversifié et pas cher",
  "rpcstate": "𝙣'𝙝𝙚𝙨𝙞𝙩𝙚 𝙥𝙖𝙨 𝙖̀ 𝙧𝙚𝙟𝙤𝙞𝙣𝙙𝙧𝙚 𝙗𝙜 ! 😉",
  "rpctype": "COMPETING",
  "rpclargeimage": "https://media.discordapp.net/attachments/1287058463616274535/1295542160766140477/standard_3.gif?ex=670f0729&is=670db5a9&hm=f1bdfad1c870e5021156add3232f3e2008f906802643265f30af54c32e54d21c&",
  "rpclargeimagetext": null,
  "rpcsmallimage": "",
  "rpcsmallimagetext": "ka",
  "appid": "1283430160036659221",
  "buttontext1": ".gg/darkgenfr",
  "buttonlink1": "https://discord.gg/darkgenfr",
  "buttontext2": "",
  "buttonlink2": "",
  "spotifyonoff": "off",
  "spotifylargeimage": "",
  "spotifysmallimage": "",
  "spotifystates": "",
  "spotifyalbum": "",
  "spotifydetails": "",
  "spotifyendtimestamp": null,
  "rainbowrole": [],
  "rpctime": false,
  "rpcminparty": 0,
  "rpcmaxparty": 0,
  "webhooklogs": null,
  "aboutme": null,
  "hype": null,
  "rpctextstatus": null,
  "rpcemoji": null,
  "botname": "NEXUS V3",
  "rpcplatform": "desktop",
  "afk": {
    "enabled": false,
    "reason": ""
  }
}