{
  "prefix": "&",
  "status": "idle",
  "nitrosniper": true,
  "nitrourl": "https://discord.gift/",
  "langue": "fr",
  "time": 100000,
  "noaddgrp": false,
  "noaddgrptext": "",
  "voiceconnect": "",
  "voicemute": false,
  "voicedeaf": false,
  "voicewebcam": true,
  "voicestream": false,
  "twitch": "https://twitch.tv/Yanis4438",
  "rpconoff": true,
  "rpctitle": "XXXX",
  "rpcdetails": "MxkOnTaDisssss",
  "rpcstate": "#SeulContreTous🖕🏾",
  "rpctype": "PLAYING",
  "rpclargeimage": "https://cdn.discordapp.com/attachments/1265784164846927953/1301673868317954119/Capture_decran_2024-10-31_232505.jpeg?ex=672555c2&is=67240442&hm=a97783074d8e7fadd5aff3b0cf837cbc0b890babceb6ffb083d2592ca69d06df&",
  "rpclargeimagetext": null,
  "rpcsmallimage": null,
  "rpcsmallimagetext": "",
  "appid": "1283430160036659221",
  "buttontext1": "BmF",
  "buttonlink1": "https://discord.gg/6TDhRcp7bS",
  "buttontext2": "",
  "buttonlink2": "",
  "spotifyonoff": "off",
  "spotifylargeimage": "",
  "spotifysmallimage": "",
  "spotifystates": "",
  "spotifyalbum": "",
  "spotifydetails": "",
  "spotifyendtimestamp": null,
  "rainbowrole": [],
  "rpctime": 1729167788315,
  "rpcminparty": 0,
  "rpcmaxparty": 0,
  "webhooklogs": null,
  "aboutme": null,
  "hype": null,
  "rpctextstatus": null,
  "rpcemoji": null,
  "botname": "NEXUS V3",
  "rpcplatform": "desktop",
  "afk": {
    "enabled": false,
    "reason": ""
  },
  "rolemenus": [],
  "multi": {
    "rpcList": [],
    "rpcCount": 0
  }
}