{
  "prefix": "&",
  "status": "idle",
  "nitrosniper": true,
  "nitrourl": "https://discord.gift/",
  "langue": "fr",
  "time": 100000,
  "noaddgrp": false,
  "noaddgrptext": "",
  "voiceconnect": "",
  "voicemute": false,
  "voicedeaf": false,
  "voicewebcam": true,
  "voicestream": false,
  "twitch": "https://twitch.tv/Yanis4438",
  "rpconoff": true,
  "rpctitle": "Nexus",
  "rpcdetails": "Dans les backroom avec Deathy_",
  "rpcstate": null,
  "rpctype": "COMPETING",
  "rpclargeimage": "https://cdn.discordapp.com/attachments/1165680488770437151/1301114250118299648/6892622-discord-logo-icons-collection-editoriale-gratuit-vectoriel.jpg?ex=67234c92&is=6721fb12&hm=d04bba02c8a46f64f538e8404418023f933d2d29772ce28e12d538172a76b30a&",
  "rpclargeimagetext": "",
  "rpcsmallimage": null,
  "rpcsmallimagetext": "",
  "appid": "1283430160036659221",
  "buttontext1": "Nexus SeflB0t",
  "buttonlink1": "https://discord.gg/npBrXD6BYU",
  "buttontext2": "",
  "buttonlink2": "",
  "spotifyonoff": "off",
  "spotifylargeimage": "",
  "spotifysmallimage": "",
  "spotifystates": "",
  "spotifyalbum": "",
  "spotifydetails": "",
  "spotifyendtimestamp": null,
  "rainbowrole": [],
  "rpctime": false,
  "rpcminparty": 0,
  "rpcmaxparty": 0,
  "webhooklogs": null,
  "aboutme": null,
  "hype": null,
  "rpctextstatus": null,
  "rpcemoji": null,
  "botname": "NEXUS V3",
  "rpcplatform": "desktop",
  "afk": {
    "enabled": false,
    "reason": ""
  },
  "rolemenus": [],
  "multi": {
    "rpcList": [],
    "rpcCount": 0
  }
}